"scenario","replicate","method","success","error","positive_definite","condition_number"
"parent_excitation_sparse",1,"one_step_gamma_poisson",TRUE,"",TRUE,37848.8291798125
"parent_excitation_sparse",1,"one_step_finite_population_overdispersed",TRUE,"",TRUE,9098.76265263404
"parent_excitation_dense",1,"one_step_gamma_poisson",TRUE,"",TRUE,45892.3519266505
"parent_excitation_dense",1,"one_step_finite_population_overdispersed",TRUE,"",TRUE,22530.383235368
"parent_excitation_sparse",2,"one_step_gamma_poisson",TRUE,"",TRUE,2138.14347824027
"parent_excitation_sparse",2,"one_step_finite_population_overdispersed",TRUE,"",TRUE,3415.90662507363
"parent_excitation_dense",2,"one_step_gamma_poisson",TRUE,"",TRUE,8948.01206187533
"parent_excitation_dense",2,"one_step_finite_population_overdispersed",TRUE,"",TRUE,28088.4118807071
"parent_excitation_sparse",3,"one_step_gamma_poisson",TRUE,"",TRUE,1790.1663390879
"parent_excitation_sparse",3,"one_step_finite_population_overdispersed",TRUE,"",TRUE,9436.86603539037
"parent_excitation_dense",3,"one_step_gamma_poisson",TRUE,"",TRUE,19970.4248288412
"parent_excitation_dense",3,"one_step_finite_population_overdispersed",TRUE,"",TRUE,21335.0825192941
"parent_excitation_sparse",4,"one_step_gamma_poisson",TRUE,"",TRUE,2450.5471770451
"parent_excitation_sparse",4,"one_step_finite_population_overdispersed",TRUE,"",TRUE,9941.74687755752
"parent_excitation_dense",4,"one_step_gamma_poisson",TRUE,"",TRUE,17491.6974920439
"parent_excitation_dense",4,"one_step_finite_population_overdispersed",TRUE,"",TRUE,26559.4170733285
"parent_excitation_sparse",5,"one_step_gamma_poisson",TRUE,"",TRUE,2153.71209712328
"parent_excitation_sparse",5,"one_step_finite_population_overdispersed",TRUE,"",FALSE,21721.4913179061
"parent_excitation_dense",5,"one_step_gamma_poisson",TRUE,"",TRUE,21580.1893702876
"parent_excitation_dense",5,"one_step_finite_population_overdispersed",TRUE,"",TRUE,22134.3808407263
"parent_excitation_sparse",6,"one_step_gamma_poisson",TRUE,"",TRUE,1887.27405153999
"parent_excitation_sparse",6,"one_step_finite_population_overdispersed",TRUE,"",TRUE,7811.07278698732
"parent_excitation_dense",6,"one_step_gamma_poisson",TRUE,"",TRUE,65383.7200756238
"parent_excitation_dense",6,"one_step_finite_population_overdispersed",TRUE,"",TRUE,25595.9552252161
"parent_excitation_sparse",7,"one_step_gamma_poisson",TRUE,"",TRUE,2084.66029595014
"parent_excitation_sparse",7,"one_step_finite_population_overdispersed",TRUE,"",TRUE,8689.12956831184
"parent_excitation_dense",7,"one_step_gamma_poisson",TRUE,"",TRUE,11534.3007995033
"parent_excitation_dense",7,"one_step_finite_population_overdispersed",TRUE,"",TRUE,25510.7627959925
"parent_excitation_sparse",8,"one_step_gamma_poisson",TRUE,"",TRUE,788.247278931821
"parent_excitation_sparse",8,"one_step_finite_population_overdispersed",TRUE,"",TRUE,5234.36987952244
"parent_excitation_dense",8,"one_step_gamma_poisson",TRUE,"",TRUE,105362.985733157
"parent_excitation_dense",8,"one_step_finite_population_overdispersed",TRUE,"",TRUE,27782.1755798761
"parent_excitation_sparse",9,"one_step_gamma_poisson",TRUE,"",TRUE,27352.8828375732
"parent_excitation_sparse",9,"one_step_finite_population_overdispersed",TRUE,"",TRUE,8250.66651212886
"parent_excitation_dense",9,"one_step_gamma_poisson",TRUE,"",TRUE,10515.826589122
"parent_excitation_dense",9,"one_step_finite_population_overdispersed",TRUE,"",TRUE,13132.141019911
"parent_excitation_sparse",10,"one_step_gamma_poisson",TRUE,"",TRUE,2374.07309228768
"parent_excitation_sparse",10,"one_step_finite_population_overdispersed",TRUE,"",TRUE,5684.8680861162
"parent_excitation_dense",10,"one_step_gamma_poisson",TRUE,"",TRUE,18739.8965474621
"parent_excitation_dense",10,"one_step_finite_population_overdispersed",TRUE,"",TRUE,24646.4768347758
"parent_excitation_sparse",11,"one_step_gamma_poisson",TRUE,"",TRUE,15561.3233248506
"parent_excitation_sparse",11,"one_step_finite_population_overdispersed",TRUE,"",TRUE,8757.89410988545
"parent_excitation_dense",11,"one_step_gamma_poisson",TRUE,"",TRUE,149959.891859748
"parent_excitation_dense",11,"one_step_finite_population_overdispersed",TRUE,"",TRUE,27195.4450550159
"parent_excitation_sparse",12,"one_step_gamma_poisson",TRUE,"",TRUE,6224.35176708099
"parent_excitation_sparse",12,"one_step_finite_population_overdispersed",TRUE,"",TRUE,9045.79343106256
"parent_excitation_dense",12,"one_step_gamma_poisson",TRUE,"",TRUE,21102.5777407211
"parent_excitation_dense",12,"one_step_finite_population_overdispersed",TRUE,"",TRUE,23222.5975969366
"parent_excitation_sparse",13,"one_step_gamma_poisson",TRUE,"",TRUE,29781.9440106139
"parent_excitation_sparse",13,"one_step_finite_population_overdispersed",TRUE,"",TRUE,9426.51333088498
"parent_excitation_dense",13,"one_step_gamma_poisson",TRUE,"",TRUE,8712.08654356958
"parent_excitation_dense",13,"one_step_finite_population_overdispersed",TRUE,"",TRUE,26523.9617792123
"parent_excitation_sparse",14,"one_step_gamma_poisson",TRUE,"",TRUE,5644.16872251737
"parent_excitation_sparse",14,"one_step_finite_population_overdispersed",TRUE,"",TRUE,9520.82110399343
"parent_excitation_dense",14,"one_step_gamma_poisson",TRUE,"",TRUE,10170.8721065977
"parent_excitation_dense",14,"one_step_finite_population_overdispersed",TRUE,"",TRUE,16470.3519507744
"parent_excitation_sparse",15,"one_step_gamma_poisson",TRUE,"",TRUE,2892.56486125601
"parent_excitation_sparse",15,"one_step_finite_population_overdispersed",TRUE,"",TRUE,8410.47480580318
"parent_excitation_dense",15,"one_step_gamma_poisson",TRUE,"",TRUE,18542.1593997743
"parent_excitation_dense",15,"one_step_finite_population_overdispersed",TRUE,"",TRUE,26614.0002243793
"parent_excitation_sparse",16,"one_step_gamma_poisson",TRUE,"",TRUE,1240.18187648368
"parent_excitation_sparse",16,"one_step_finite_population_overdispersed",TRUE,"",TRUE,5099.29112320657
"parent_excitation_dense",16,"one_step_gamma_poisson",TRUE,"",TRUE,11531.3390767611
"parent_excitation_dense",16,"one_step_finite_population_overdispersed",TRUE,"",TRUE,24260.9774616557
"parent_excitation_sparse",17,"one_step_gamma_poisson",TRUE,"",TRUE,2432.11458100834
"parent_excitation_sparse",17,"one_step_finite_population_overdispersed",TRUE,"",TRUE,8107.17906347547
"parent_excitation_dense",17,"one_step_gamma_poisson",TRUE,"",TRUE,91251.562513734
"parent_excitation_dense",17,"one_step_finite_population_overdispersed",TRUE,"",TRUE,17578.4741704241
"parent_excitation_sparse",18,"one_step_gamma_poisson",TRUE,"",TRUE,2106.95824760793
"parent_excitation_sparse",18,"one_step_finite_population_overdispersed",TRUE,"",TRUE,5314.91204331161
"parent_excitation_dense",18,"one_step_gamma_poisson",TRUE,"",TRUE,19864.317767003
"parent_excitation_dense",18,"one_step_finite_population_overdispersed",TRUE,"",TRUE,19831.3796236633
"parent_excitation_sparse",19,"one_step_gamma_poisson",TRUE,"",TRUE,5226.2163849514
"parent_excitation_sparse",19,"one_step_finite_population_overdispersed",TRUE,"",TRUE,8344.4753041743
"parent_excitation_dense",19,"one_step_gamma_poisson",TRUE,"",TRUE,48383.1678252719
"parent_excitation_dense",19,"one_step_finite_population_overdispersed",TRUE,"",TRUE,26371.801577923
"parent_excitation_sparse",20,"one_step_gamma_poisson",TRUE,"",TRUE,3264.49822615299
"parent_excitation_sparse",20,"one_step_finite_population_overdispersed",TRUE,"",TRUE,9359.54101697322
"parent_excitation_dense",20,"one_step_gamma_poisson",TRUE,"",TRUE,77360.3224391752
"parent_excitation_dense",20,"one_step_finite_population_overdispersed",TRUE,"",TRUE,26629.0148553192
"parent_excitation_sparse",21,"one_step_gamma_poisson",TRUE,"",TRUE,29223.4983290479
"parent_excitation_sparse",21,"one_step_finite_population_overdispersed",TRUE,"",TRUE,8649.40942538833
"parent_excitation_dense",21,"one_step_gamma_poisson",TRUE,"",TRUE,94626.2803194104
"parent_excitation_dense",21,"one_step_finite_population_overdispersed",TRUE,"",TRUE,29149.5276783593
"parent_excitation_sparse",22,"one_step_gamma_poisson",TRUE,"",TRUE,14647.9577509846
"parent_excitation_sparse",22,"one_step_finite_population_overdispersed",TRUE,"",TRUE,8060.24654967668
"parent_excitation_dense",22,"one_step_gamma_poisson",TRUE,"",TRUE,8688.05502530909
"parent_excitation_dense",22,"one_step_finite_population_overdispersed",TRUE,"",TRUE,19694.0721788703
"parent_excitation_sparse",23,"one_step_gamma_poisson",TRUE,"",TRUE,9296.44807166196
"parent_excitation_sparse",23,"one_step_finite_population_overdispersed",TRUE,"",TRUE,7331.97316371863
"parent_excitation_dense",23,"one_step_gamma_poisson",TRUE,"",TRUE,13537.5684250775
"parent_excitation_dense",23,"one_step_finite_population_overdispersed",TRUE,"",TRUE,24431.8289039001
"parent_excitation_sparse",24,"one_step_gamma_poisson",TRUE,"",TRUE,3641.2131154068
"parent_excitation_sparse",24,"one_step_finite_population_overdispersed",TRUE,"",TRUE,5236.14528731998
"parent_excitation_dense",24,"one_step_gamma_poisson",TRUE,"",TRUE,94354.0415649044
"parent_excitation_dense",24,"one_step_finite_population_overdispersed",TRUE,"",TRUE,25485.7721322602
"parent_excitation_sparse",25,"one_step_gamma_poisson",TRUE,"",TRUE,1387.56852899364
"parent_excitation_sparse",25,"one_step_finite_population_overdispersed",TRUE,"",TRUE,7087.51740622478
"parent_excitation_dense",25,"one_step_gamma_poisson",TRUE,"",TRUE,28995.5521469367
"parent_excitation_dense",25,"one_step_finite_population_overdispersed",TRUE,"",TRUE,12163.618048862
"parent_excitation_sparse",26,"one_step_gamma_poisson",TRUE,"",TRUE,1891.99480066148
"parent_excitation_sparse",26,"one_step_finite_population_overdispersed",TRUE,"",TRUE,10275.7126598252
"parent_excitation_dense",26,"one_step_gamma_poisson",TRUE,"",TRUE,11717.2927936912
"parent_excitation_dense",26,"one_step_finite_population_overdispersed",TRUE,"",TRUE,29586.0935275376
"parent_excitation_sparse",27,"one_step_gamma_poisson",TRUE,"",TRUE,14669.6301191535
"parent_excitation_sparse",27,"one_step_finite_population_overdispersed",TRUE,"",TRUE,8427.39550639601
"parent_excitation_dense",27,"one_step_gamma_poisson",TRUE,"",TRUE,24401.3100040038
"parent_excitation_dense",27,"one_step_finite_population_overdispersed",TRUE,"",TRUE,23851.6841940757
"parent_excitation_sparse",28,"one_step_gamma_poisson",TRUE,"",TRUE,43304.8725826133
"parent_excitation_sparse",28,"one_step_finite_population_overdispersed",TRUE,"",TRUE,8960.43372012153
"parent_excitation_dense",28,"one_step_gamma_poisson",TRUE,"",TRUE,102593.699490281
"parent_excitation_dense",28,"one_step_finite_population_overdispersed",TRUE,"",TRUE,24736.8215553552
"parent_excitation_sparse",29,"one_step_gamma_poisson",TRUE,"",TRUE,1367.53910211955
"parent_excitation_sparse",29,"one_step_finite_population_overdispersed",TRUE,"",TRUE,5688.46225753724
"parent_excitation_dense",29,"one_step_gamma_poisson",TRUE,"",TRUE,4403.39746895054
"parent_excitation_dense",29,"one_step_finite_population_overdispersed",TRUE,"",TRUE,19733.8259016292
"parent_excitation_sparse",30,"one_step_gamma_poisson",TRUE,"",TRUE,10282.2559996407
"parent_excitation_sparse",30,"one_step_finite_population_overdispersed",TRUE,"",TRUE,7123.82169578338
"parent_excitation_dense",30,"one_step_gamma_poisson",TRUE,"",TRUE,32017.3552067111
"parent_excitation_dense",30,"one_step_finite_population_overdispersed",TRUE,"",TRUE,23360.8432362169
"parent_excitation_sparse",31,"one_step_gamma_poisson",TRUE,"",TRUE,42066.3294358333
"parent_excitation_sparse",31,"one_step_finite_population_overdispersed",TRUE,"",TRUE,9308.65547475451
"parent_excitation_dense",31,"one_step_gamma_poisson",TRUE,"",TRUE,47108.6365060078
"parent_excitation_dense",31,"one_step_finite_population_overdispersed",TRUE,"",TRUE,23377.7116661081
"parent_excitation_sparse",32,"one_step_gamma_poisson",TRUE,"",TRUE,29082.29626067
"parent_excitation_sparse",32,"one_step_finite_population_overdispersed",TRUE,"",TRUE,9617.61693084614
"parent_excitation_dense",32,"one_step_gamma_poisson",TRUE,"",TRUE,7234.11460786368
"parent_excitation_dense",32,"one_step_finite_population_overdispersed",TRUE,"",TRUE,17367.1020260392
"parent_excitation_sparse",33,"one_step_gamma_poisson",TRUE,"",TRUE,7001.8533945888
"parent_excitation_sparse",33,"one_step_finite_population_overdispersed",TRUE,"",TRUE,5617.28304079719
"parent_excitation_dense",33,"one_step_gamma_poisson",TRUE,"",TRUE,65453.0913406932
"parent_excitation_dense",33,"one_step_finite_population_overdispersed",TRUE,"",TRUE,23214.8977311685
"parent_excitation_sparse",34,"one_step_gamma_poisson",TRUE,"",TRUE,22096.2340571726
"parent_excitation_sparse",34,"one_step_finite_population_overdispersed",TRUE,"",TRUE,9069.13932171323
"parent_excitation_dense",34,"one_step_gamma_poisson",TRUE,"",TRUE,37523.2101126158
"parent_excitation_dense",34,"one_step_finite_population_overdispersed",TRUE,"",TRUE,27603.171022845
"parent_excitation_sparse",35,"one_step_gamma_poisson",TRUE,"",TRUE,6600.02933411862
"parent_excitation_sparse",35,"one_step_finite_population_overdispersed",TRUE,"",TRUE,7418.63671157023
"parent_excitation_dense",35,"one_step_gamma_poisson",TRUE,"",TRUE,32922.6656342113
"parent_excitation_dense",35,"one_step_finite_population_overdispersed",TRUE,"",TRUE,30067.314791981
"parent_excitation_sparse",36,"one_step_gamma_poisson",TRUE,"",TRUE,32866.7051404728
"parent_excitation_sparse",36,"one_step_finite_population_overdispersed",TRUE,"",TRUE,8448.8501707247
"parent_excitation_dense",36,"one_step_gamma_poisson",TRUE,"",TRUE,65588.9409983974
"parent_excitation_dense",36,"one_step_finite_population_overdispersed",TRUE,"",TRUE,24808.4646760002
"parent_excitation_sparse",37,"one_step_gamma_poisson",TRUE,"",TRUE,2807.32935589318
"parent_excitation_sparse",37,"one_step_finite_population_overdispersed",TRUE,"",TRUE,7255.42933882189
"parent_excitation_dense",37,"one_step_gamma_poisson",TRUE,"",TRUE,19388.5778550648
"parent_excitation_dense",37,"one_step_finite_population_overdispersed",TRUE,"",TRUE,16574.7846868408
"parent_excitation_sparse",38,"one_step_gamma_poisson",TRUE,"",TRUE,3523.17819726051
"parent_excitation_sparse",38,"one_step_finite_population_overdispersed",TRUE,"",TRUE,6580.29770458848
"parent_excitation_dense",38,"one_step_gamma_poisson",TRUE,"",TRUE,89321.1920906876
"parent_excitation_dense",38,"one_step_finite_population_overdispersed",TRUE,"",TRUE,18480.6733863241
"parent_excitation_sparse",39,"one_step_gamma_poisson",TRUE,"",TRUE,1681.84454676068
"parent_excitation_sparse",39,"one_step_finite_population_overdispersed",TRUE,"",TRUE,9587.78884742996
"parent_excitation_dense",39,"one_step_gamma_poisson",TRUE,"",TRUE,47276.0309608514
"parent_excitation_dense",39,"one_step_finite_population_overdispersed",TRUE,"",TRUE,11529.7553010302
"parent_excitation_sparse",40,"one_step_gamma_poisson",TRUE,"",TRUE,1518.57775494922
"parent_excitation_sparse",40,"one_step_finite_population_overdispersed",TRUE,"",TRUE,4342.08497056434
"parent_excitation_dense",40,"one_step_gamma_poisson",TRUE,"",TRUE,62293.617490614
"parent_excitation_dense",40,"one_step_finite_population_overdispersed",TRUE,"",TRUE,21106.6632594218
"parent_excitation_sparse",41,"one_step_gamma_poisson",TRUE,"",TRUE,2899.3342733522
"parent_excitation_sparse",41,"one_step_finite_population_overdispersed",TRUE,"",TRUE,5361.88930438342
"parent_excitation_dense",41,"one_step_gamma_poisson",TRUE,"",TRUE,6394.60221276532
"parent_excitation_dense",41,"one_step_finite_population_overdispersed",TRUE,"",TRUE,15409.903070578
"parent_excitation_sparse",42,"one_step_gamma_poisson",TRUE,"",TRUE,9480.92635207071
"parent_excitation_sparse",42,"one_step_finite_population_overdispersed",TRUE,"",TRUE,9056.14447898241
"parent_excitation_dense",42,"one_step_gamma_poisson",TRUE,"",TRUE,96144.774954489
"parent_excitation_dense",42,"one_step_finite_population_overdispersed",TRUE,"",TRUE,28180.408869458
"parent_excitation_sparse",43,"one_step_gamma_poisson",TRUE,"",TRUE,43507.4154940011
"parent_excitation_sparse",43,"one_step_finite_population_overdispersed",TRUE,"",TRUE,8491.27994207574
"parent_excitation_dense",43,"one_step_gamma_poisson",TRUE,"",TRUE,33450.3755460672
"parent_excitation_dense",43,"one_step_finite_population_overdispersed",TRUE,"",TRUE,30608.8335503128
"parent_excitation_sparse",44,"one_step_gamma_poisson",TRUE,"",TRUE,4132.6072638395
"parent_excitation_sparse",44,"one_step_finite_population_overdispersed",TRUE,"",TRUE,9451.03397644851
"parent_excitation_dense",44,"one_step_gamma_poisson",TRUE,"",TRUE,35104.3236942527
"parent_excitation_dense",44,"one_step_finite_population_overdispersed",TRUE,"",TRUE,19504.0260098544
"parent_excitation_sparse",45,"one_step_gamma_poisson",TRUE,"",TRUE,3910.94140696915
"parent_excitation_sparse",45,"one_step_finite_population_overdispersed",TRUE,"",TRUE,8020.72703547501
"parent_excitation_dense",45,"one_step_gamma_poisson",TRUE,"",TRUE,125565.511180098
"parent_excitation_dense",45,"one_step_finite_population_overdispersed",TRUE,"",TRUE,26216.271747189
"parent_excitation_sparse",46,"one_step_gamma_poisson",TRUE,"",TRUE,3053.51528814635
"parent_excitation_sparse",46,"one_step_finite_population_overdispersed",TRUE,"",TRUE,5076.10957970585
"parent_excitation_dense",46,"one_step_gamma_poisson",TRUE,"",TRUE,48586.1349291245
"parent_excitation_dense",46,"one_step_finite_population_overdispersed",TRUE,"",TRUE,23161.5270250811
"parent_excitation_sparse",47,"one_step_gamma_poisson",TRUE,"",TRUE,2997.31664959595
"parent_excitation_sparse",47,"one_step_finite_population_overdispersed",TRUE,"",TRUE,3089.72803409099
"parent_excitation_dense",47,"one_step_gamma_poisson",TRUE,"",TRUE,2359.83423471071
"parent_excitation_dense",47,"one_step_finite_population_overdispersed",TRUE,"",TRUE,15446.4257214025
"parent_excitation_sparse",48,"one_step_gamma_poisson",TRUE,"",TRUE,3818.7360079277
"parent_excitation_sparse",48,"one_step_finite_population_overdispersed",TRUE,"",TRUE,9191.93906015517
"parent_excitation_dense",48,"one_step_gamma_poisson",TRUE,"",TRUE,19700.5792059131
"parent_excitation_dense",48,"one_step_finite_population_overdispersed",TRUE,"",TRUE,14594.797188471
"parent_excitation_sparse",49,"one_step_gamma_poisson",TRUE,"",TRUE,4743.52251751052
"parent_excitation_sparse",49,"one_step_finite_population_overdispersed",TRUE,"",TRUE,7033.52199809773
"parent_excitation_dense",49,"one_step_gamma_poisson",TRUE,"",TRUE,11928.6341367192
"parent_excitation_dense",49,"one_step_finite_population_overdispersed",TRUE,"",TRUE,25213.296111832
"parent_excitation_sparse",50,"one_step_gamma_poisson",TRUE,"",TRUE,15571.7263265436
"parent_excitation_sparse",50,"one_step_finite_population_overdispersed",TRUE,"",TRUE,4452.51911161922
"parent_excitation_dense",50,"one_step_gamma_poisson",TRUE,"",TRUE,50827.3383399064
"parent_excitation_dense",50,"one_step_finite_population_overdispersed",TRUE,"",TRUE,21681.605433689
"parent_excitation_sparse",51,"one_step_gamma_poisson",TRUE,"",TRUE,2964.38417199365
"parent_excitation_sparse",51,"one_step_finite_population_overdispersed",TRUE,"",TRUE,8884.19274113192
"parent_excitation_dense",51,"one_step_gamma_poisson",TRUE,"",TRUE,3866.94972082455
"parent_excitation_dense",51,"one_step_finite_population_overdispersed",TRUE,"",TRUE,23719.4948369363
"parent_excitation_sparse",52,"one_step_gamma_poisson",TRUE,"",TRUE,3165.92326507176
"parent_excitation_sparse",52,"one_step_finite_population_overdispersed",TRUE,"",TRUE,9141.02349783441
"parent_excitation_dense",52,"one_step_gamma_poisson",TRUE,"",TRUE,14887.0128159499
"parent_excitation_dense",52,"one_step_finite_population_overdispersed",TRUE,"",TRUE,18106.4342864997
"parent_excitation_sparse",53,"one_step_gamma_poisson",TRUE,"",TRUE,28700.2885186921
"parent_excitation_sparse",53,"one_step_finite_population_overdispersed",TRUE,"",TRUE,6978.05853637076
"parent_excitation_dense",53,"one_step_gamma_poisson",TRUE,"",TRUE,110746.89999618
"parent_excitation_dense",53,"one_step_finite_population_overdispersed",TRUE,"",TRUE,24654.936130142
"parent_excitation_sparse",54,"one_step_gamma_poisson",TRUE,"",TRUE,15001.4019979971
"parent_excitation_sparse",54,"one_step_finite_population_overdispersed",TRUE,"",TRUE,8600.64801071163
"parent_excitation_dense",54,"one_step_gamma_poisson",TRUE,"",TRUE,137372.684827708
"parent_excitation_dense",54,"one_step_finite_population_overdispersed",TRUE,"",TRUE,26019.5466325903
"parent_excitation_sparse",55,"one_step_gamma_poisson",TRUE,"",TRUE,5076.65363430192
"parent_excitation_sparse",55,"one_step_finite_population_overdispersed",TRUE,"",TRUE,8328.67538468732
"parent_excitation_dense",55,"one_step_gamma_poisson",TRUE,"",TRUE,146728.16831172
"parent_excitation_dense",55,"one_step_finite_population_overdispersed",TRUE,"",TRUE,27845.6549999796
"parent_excitation_sparse",56,"one_step_gamma_poisson",TRUE,"",TRUE,14427.537918403
"parent_excitation_sparse",56,"one_step_finite_population_overdispersed",TRUE,"",TRUE,8999.19281763123
"parent_excitation_dense",56,"one_step_gamma_poisson",TRUE,"",TRUE,39768.3679245345
"parent_excitation_dense",56,"one_step_finite_population_overdispersed",TRUE,"",TRUE,27631.5108427624
"parent_excitation_sparse",57,"one_step_gamma_poisson",TRUE,"",TRUE,1716.14253563035
"parent_excitation_sparse",57,"one_step_finite_population_overdispersed",TRUE,"",TRUE,7806.62603466715
"parent_excitation_dense",57,"one_step_gamma_poisson",TRUE,"",TRUE,8163.74073958143
"parent_excitation_dense",57,"one_step_finite_population_overdispersed",TRUE,"",TRUE,12864.1196108248
"parent_excitation_sparse",58,"one_step_gamma_poisson",TRUE,"",TRUE,16546.5980677649
"parent_excitation_sparse",58,"one_step_finite_population_overdispersed",TRUE,"",TRUE,8098.18031188734
"parent_excitation_dense",58,"one_step_gamma_poisson",TRUE,"",TRUE,13603.3873699728
"parent_excitation_dense",58,"one_step_finite_population_overdispersed",TRUE,"",TRUE,26008.5571077179
"parent_excitation_sparse",59,"one_step_gamma_poisson",TRUE,"",TRUE,28921.1481103608
"parent_excitation_sparse",59,"one_step_finite_population_overdispersed",TRUE,"",TRUE,10704.1265044571
"parent_excitation_dense",59,"one_step_gamma_poisson",TRUE,"",TRUE,4230.99936800688
"parent_excitation_dense",59,"one_step_finite_population_overdispersed",TRUE,"",TRUE,27173.8800905638
"parent_excitation_sparse",60,"one_step_gamma_poisson",TRUE,"",TRUE,1061.30519733378
"parent_excitation_sparse",60,"one_step_finite_population_overdispersed",TRUE,"",TRUE,7549.87121396495
"parent_excitation_dense",60,"one_step_gamma_poisson",TRUE,"",TRUE,70700.4508320974
"parent_excitation_dense",60,"one_step_finite_population_overdispersed",TRUE,"",TRUE,25385.748831732
"parent_excitation_sparse",61,"one_step_gamma_poisson",TRUE,"",TRUE,1904.48501057282
"parent_excitation_sparse",61,"one_step_finite_population_overdispersed",TRUE,"",TRUE,9990.64753699131
"parent_excitation_dense",61,"one_step_gamma_poisson",TRUE,"",TRUE,19942.2597164827
"parent_excitation_dense",61,"one_step_finite_population_overdispersed",TRUE,"",TRUE,19856.9218631563
"parent_excitation_sparse",62,"one_step_gamma_poisson",TRUE,"",TRUE,21773.0839244469
"parent_excitation_sparse",62,"one_step_finite_population_overdispersed",TRUE,"",TRUE,9959.13907208555
"parent_excitation_dense",62,"one_step_gamma_poisson",TRUE,"",TRUE,62330.4083419121
"parent_excitation_dense",62,"one_step_finite_population_overdispersed",TRUE,"",TRUE,22683.8080122005
"parent_excitation_sparse",63,"one_step_gamma_poisson",TRUE,"",TRUE,2694.72639116976
"parent_excitation_sparse",63,"one_step_finite_population_overdispersed",TRUE,"",TRUE,5713.34037647898
"parent_excitation_dense",63,"one_step_gamma_poisson",TRUE,"",TRUE,14724.0781153806
"parent_excitation_dense",63,"one_step_finite_population_overdispersed",TRUE,"",TRUE,21677.8077487013
"parent_excitation_sparse",64,"one_step_gamma_poisson",TRUE,"",TRUE,26073.8222571167
"parent_excitation_sparse",64,"one_step_finite_population_overdispersed",TRUE,"",TRUE,6905.17941209453
"parent_excitation_dense",64,"one_step_gamma_poisson",TRUE,"",TRUE,87587.5642155158
"parent_excitation_dense",64,"one_step_finite_population_overdispersed",TRUE,"",TRUE,17306.8901110943
"parent_excitation_sparse",65,"one_step_gamma_poisson",TRUE,"",TRUE,5800.6557486353
"parent_excitation_sparse",65,"one_step_finite_population_overdispersed",TRUE,"",TRUE,5168.94083794733
"parent_excitation_dense",65,"one_step_gamma_poisson",TRUE,"",TRUE,11980.5864486733
"parent_excitation_dense",65,"one_step_finite_population_overdispersed",TRUE,"",TRUE,24787.1436651745
"parent_excitation_sparse",66,"one_step_gamma_poisson",TRUE,"",TRUE,10341.7604316459
"parent_excitation_sparse",66,"one_step_finite_population_overdispersed",TRUE,"",TRUE,6527.65610176195
"parent_excitation_dense",66,"one_step_gamma_poisson",TRUE,"",TRUE,29223.6805548694
"parent_excitation_dense",66,"one_step_finite_population_overdispersed",TRUE,"",TRUE,24104.3764868115
"parent_excitation_sparse",67,"one_step_gamma_poisson",TRUE,"",TRUE,1543.10378035864
"parent_excitation_sparse",67,"one_step_finite_population_overdispersed",TRUE,"",TRUE,7430.94793570905
"parent_excitation_dense",67,"one_step_gamma_poisson",TRUE,"",TRUE,98562.3045164218
"parent_excitation_dense",67,"one_step_finite_population_overdispersed",TRUE,"",TRUE,26734.5494224513
"parent_excitation_sparse",68,"one_step_gamma_poisson",TRUE,"",TRUE,6476.4511445098
"parent_excitation_sparse",68,"one_step_finite_population_overdispersed",TRUE,"",TRUE,8091.1716672344
"parent_excitation_dense",68,"one_step_gamma_poisson",TRUE,"",TRUE,133708.309771184
"parent_excitation_dense",68,"one_step_finite_population_overdispersed",TRUE,"",TRUE,25105.9906346357
"parent_excitation_sparse",69,"one_step_gamma_poisson",TRUE,"",TRUE,3690.85733678003
"parent_excitation_sparse",69,"one_step_finite_population_overdispersed",TRUE,"",TRUE,8631.89112707818
"parent_excitation_dense",69,"one_step_gamma_poisson",TRUE,"",TRUE,13812.3732594375
"parent_excitation_dense",69,"one_step_finite_population_overdispersed",TRUE,"",TRUE,24845.588080211
"parent_excitation_sparse",70,"one_step_gamma_poisson",TRUE,"",TRUE,3139.43093163033
"parent_excitation_sparse",70,"one_step_finite_population_overdispersed",TRUE,"",TRUE,7659.18590979473
"parent_excitation_dense",70,"one_step_gamma_poisson",TRUE,"",TRUE,113552.378390818
"parent_excitation_dense",70,"one_step_finite_population_overdispersed",TRUE,"",TRUE,21406.1662598424
"parent_excitation_sparse",71,"one_step_gamma_poisson",TRUE,"",TRUE,4216.94094103749
"parent_excitation_sparse",71,"one_step_finite_population_overdispersed",TRUE,"",TRUE,6273.32468912077
"parent_excitation_dense",71,"one_step_gamma_poisson",TRUE,"",TRUE,23423.8880704648
"parent_excitation_dense",71,"one_step_finite_population_overdispersed",TRUE,"",TRUE,24115.7214979711
"parent_excitation_sparse",72,"one_step_gamma_poisson",TRUE,"",TRUE,2309.00856400004
"parent_excitation_sparse",72,"one_step_finite_population_overdispersed",TRUE,"",TRUE,7971.34161176299
"parent_excitation_dense",72,"one_step_gamma_poisson",TRUE,"",TRUE,4067.00698568176
"parent_excitation_dense",72,"one_step_finite_population_overdispersed",TRUE,"",TRUE,26419.3624236506
"parent_excitation_sparse",73,"one_step_gamma_poisson",TRUE,"",TRUE,4927.51472688831
"parent_excitation_sparse",73,"one_step_finite_population_overdispersed",TRUE,"",TRUE,7098.25884579645
"parent_excitation_dense",73,"one_step_gamma_poisson",TRUE,"",TRUE,6404.81543529557
"parent_excitation_dense",73,"one_step_finite_population_overdispersed",TRUE,"",TRUE,17084.6514863164
"parent_excitation_sparse",74,"one_step_gamma_poisson",TRUE,"",TRUE,7557.21600438978
"parent_excitation_sparse",74,"one_step_finite_population_overdispersed",TRUE,"",TRUE,8121.67978025907
"parent_excitation_dense",74,"one_step_gamma_poisson",TRUE,"",TRUE,27787.254486328
"parent_excitation_dense",74,"one_step_finite_population_overdispersed",TRUE,"",TRUE,22480.664708057
"parent_excitation_sparse",75,"one_step_gamma_poisson",TRUE,"",TRUE,3886.1631215723
"parent_excitation_sparse",75,"one_step_finite_population_overdispersed",TRUE,"",TRUE,8903.96220484503
"parent_excitation_dense",75,"one_step_gamma_poisson",TRUE,"",TRUE,8718.40521864808
"parent_excitation_dense",75,"one_step_finite_population_overdispersed",TRUE,"",TRUE,25381.5436338226
"parent_excitation_sparse",76,"one_step_gamma_poisson",TRUE,"",TRUE,9611.61611216468
"parent_excitation_sparse",76,"one_step_finite_population_overdispersed",TRUE,"",TRUE,9318.30303234908
"parent_excitation_dense",76,"one_step_gamma_poisson",TRUE,"",TRUE,12215.1792454009
"parent_excitation_dense",76,"one_step_finite_population_overdispersed",TRUE,"",TRUE,21407.5936746208
"parent_excitation_sparse",77,"one_step_gamma_poisson",TRUE,"",TRUE,26543.8090329781
"parent_excitation_sparse",77,"one_step_finite_population_overdispersed",TRUE,"",TRUE,7751.20021840526
"parent_excitation_dense",77,"one_step_gamma_poisson",TRUE,"",TRUE,129737.676622957
"parent_excitation_dense",77,"one_step_finite_population_overdispersed",TRUE,"",TRUE,24832.4573422469
"parent_excitation_sparse",78,"one_step_gamma_poisson",TRUE,"",TRUE,3010.35907565678
"parent_excitation_sparse",78,"one_step_finite_population_overdispersed",TRUE,"",TRUE,9038.690511721
"parent_excitation_dense",78,"one_step_gamma_poisson",TRUE,"",TRUE,15700.9600264337
"parent_excitation_dense",78,"one_step_finite_population_overdispersed",TRUE,"",TRUE,28451.8694003095
"parent_excitation_sparse",79,"one_step_gamma_poisson",TRUE,"",TRUE,1954.13947112905
"parent_excitation_sparse",79,"one_step_finite_population_overdispersed",TRUE,"",TRUE,8648.88375460756
"parent_excitation_dense",79,"one_step_gamma_poisson",TRUE,"",TRUE,86743.8753048376
"parent_excitation_dense",79,"one_step_finite_population_overdispersed",TRUE,"",TRUE,23883.0836028414
"parent_excitation_sparse",80,"one_step_gamma_poisson",TRUE,"",TRUE,2724.70989849107
"parent_excitation_sparse",80,"one_step_finite_population_overdispersed",TRUE,"",TRUE,7280.61170594719
"parent_excitation_dense",80,"one_step_gamma_poisson",TRUE,"",TRUE,66156.3702833435
"parent_excitation_dense",80,"one_step_finite_population_overdispersed",TRUE,"",TRUE,22106.9801324985
"parent_excitation_sparse",81,"one_step_gamma_poisson",TRUE,"",TRUE,4631.23058898613
"parent_excitation_sparse",81,"one_step_finite_population_overdispersed",TRUE,"",TRUE,4797.94283391973
"parent_excitation_dense",81,"one_step_gamma_poisson",TRUE,"",TRUE,101715.791692054
"parent_excitation_dense",81,"one_step_finite_population_overdispersed",TRUE,"",TRUE,29575.1315214558
"parent_excitation_sparse",82,"one_step_gamma_poisson",TRUE,"",TRUE,1983.87671477585
"parent_excitation_sparse",82,"one_step_finite_population_overdispersed",TRUE,"",TRUE,7250.06752981796
"parent_excitation_dense",82,"one_step_gamma_poisson",TRUE,"",TRUE,96620.3851551684
"parent_excitation_dense",82,"one_step_finite_population_overdispersed",TRUE,"",TRUE,28468.372623125
"parent_excitation_sparse",83,"one_step_gamma_poisson",TRUE,"",TRUE,3561.78073308003
"parent_excitation_sparse",83,"one_step_finite_population_overdispersed",TRUE,"",TRUE,8584.26709456774
"parent_excitation_dense",83,"one_step_gamma_poisson",TRUE,"",TRUE,9853.25422864019
"parent_excitation_dense",83,"one_step_finite_population_overdispersed",TRUE,"",TRUE,15722.9953142952
"parent_excitation_sparse",84,"one_step_gamma_poisson",TRUE,"",TRUE,5821.08518472541
"parent_excitation_sparse",84,"one_step_finite_population_overdispersed",TRUE,"",TRUE,8709.89334035676
"parent_excitation_dense",84,"one_step_gamma_poisson",TRUE,"",TRUE,57785.9964584767
"parent_excitation_dense",84,"one_step_finite_population_overdispersed",TRUE,"",TRUE,17744.0887515174
"parent_excitation_sparse",85,"one_step_gamma_poisson",TRUE,"",TRUE,986.695460352562
"parent_excitation_sparse",85,"one_step_finite_population_overdispersed",TRUE,"",TRUE,9378.87158829033
"parent_excitation_dense",85,"one_step_gamma_poisson",TRUE,"",TRUE,5838.27522170196
"parent_excitation_dense",85,"one_step_finite_population_overdispersed",TRUE,"",TRUE,27050.4628381301
"parent_excitation_sparse",86,"one_step_gamma_poisson",TRUE,"",TRUE,5935.25519354718
"parent_excitation_sparse",86,"one_step_finite_population_overdispersed",TRUE,"",TRUE,4416.70665501595
"parent_excitation_dense",86,"one_step_gamma_poisson",TRUE,"",TRUE,99593.2993272024
"parent_excitation_dense",86,"one_step_finite_population_overdispersed",TRUE,"",TRUE,27598.6494698429
"parent_excitation_sparse",87,"one_step_gamma_poisson",TRUE,"",TRUE,6958.75904094037
"parent_excitation_sparse",87,"one_step_finite_population_overdispersed",TRUE,"",TRUE,7358.38468891335
"parent_excitation_dense",87,"one_step_gamma_poisson",TRUE,"",TRUE,90605.5877088466
"parent_excitation_dense",87,"one_step_finite_population_overdispersed",TRUE,"",TRUE,22371.476764089
"parent_excitation_sparse",88,"one_step_gamma_poisson",TRUE,"",TRUE,6414.20730294572
"parent_excitation_sparse",88,"one_step_finite_population_overdispersed",TRUE,"",TRUE,6698.11053697229
"parent_excitation_dense",88,"one_step_gamma_poisson",TRUE,"",TRUE,107662.5385003
"parent_excitation_dense",88,"one_step_finite_population_overdispersed",TRUE,"",TRUE,20486.3417853217
"parent_excitation_sparse",89,"one_step_gamma_poisson",TRUE,"",TRUE,2482.00281909058
"parent_excitation_sparse",89,"one_step_finite_population_overdispersed",TRUE,"",TRUE,4334.25792865476
"parent_excitation_dense",89,"one_step_gamma_poisson",TRUE,"",TRUE,24284.8555677009
"parent_excitation_dense",89,"one_step_finite_population_overdispersed",TRUE,"",TRUE,27710.7692157721
"parent_excitation_sparse",90,"one_step_gamma_poisson",TRUE,"",TRUE,22666.7858717191
"parent_excitation_sparse",90,"one_step_finite_population_overdispersed",TRUE,"",TRUE,10047.3311588076
"parent_excitation_dense",90,"one_step_gamma_poisson",TRUE,"",TRUE,56604.6463235728
"parent_excitation_dense",90,"one_step_finite_population_overdispersed",TRUE,"",TRUE,17680.6296911067
"parent_excitation_sparse",91,"one_step_gamma_poisson",TRUE,"",TRUE,3845.50408847028
"parent_excitation_sparse",91,"one_step_finite_population_overdispersed",TRUE,"",TRUE,6682.29903243964
"parent_excitation_dense",91,"one_step_gamma_poisson",TRUE,"",TRUE,106041.747873833
"parent_excitation_dense",91,"one_step_finite_population_overdispersed",TRUE,"",TRUE,23694.627461804
"parent_excitation_sparse",92,"one_step_gamma_poisson",TRUE,"",TRUE,38968.9453430115
"parent_excitation_sparse",92,"one_step_finite_population_overdispersed",TRUE,"",TRUE,8307.58811926096
"parent_excitation_dense",92,"one_step_gamma_poisson",TRUE,"",TRUE,105722.51169244
"parent_excitation_dense",92,"one_step_finite_population_overdispersed",TRUE,"",TRUE,24848.1839595653
"parent_excitation_sparse",93,"one_step_gamma_poisson",TRUE,"",TRUE,4190.29839006398
"parent_excitation_sparse",93,"one_step_finite_population_overdispersed",TRUE,"",TRUE,8500.32247442384
"parent_excitation_dense",93,"one_step_gamma_poisson",TRUE,"",TRUE,4567.48275202944
"parent_excitation_dense",93,"one_step_finite_population_overdispersed",TRUE,"",TRUE,25882.732173067
"parent_excitation_sparse",94,"one_step_gamma_poisson",TRUE,"",TRUE,3110.44066643566
"parent_excitation_sparse",94,"one_step_finite_population_overdispersed",TRUE,"",TRUE,5818.80139623502
"parent_excitation_dense",94,"one_step_gamma_poisson",TRUE,"",TRUE,111720.979814611
"parent_excitation_dense",94,"one_step_finite_population_overdispersed",TRUE,"",TRUE,24645.6392693551
"parent_excitation_sparse",95,"one_step_gamma_poisson",TRUE,"",TRUE,18542.0446619775
"parent_excitation_sparse",95,"one_step_finite_population_overdispersed",TRUE,"",TRUE,9660.28766048214
"parent_excitation_dense",95,"one_step_gamma_poisson",TRUE,"",TRUE,8915.98078519819
"parent_excitation_dense",95,"one_step_finite_population_overdispersed",TRUE,"",TRUE,26391.8844867546
"parent_excitation_sparse",96,"one_step_gamma_poisson",TRUE,"",TRUE,7992.69112766936
"parent_excitation_sparse",96,"one_step_finite_population_overdispersed",TRUE,"",TRUE,6219.54827486038
"parent_excitation_dense",96,"one_step_gamma_poisson",TRUE,"",TRUE,109577.234560827
"parent_excitation_dense",96,"one_step_finite_population_overdispersed",TRUE,"",TRUE,28180.4927904698
"parent_excitation_sparse",97,"one_step_gamma_poisson",TRUE,"",TRUE,7771.50264760559
"parent_excitation_sparse",97,"one_step_finite_population_overdispersed",TRUE,"",TRUE,9299.52106351455
"parent_excitation_dense",97,"one_step_gamma_poisson",TRUE,"",TRUE,10934.4381129026
"parent_excitation_dense",97,"one_step_finite_population_overdispersed",TRUE,"",TRUE,22534.2350769802
"parent_excitation_sparse",98,"one_step_gamma_poisson",TRUE,"",TRUE,2976.93110798236
"parent_excitation_sparse",98,"one_step_finite_population_overdispersed",TRUE,"",TRUE,12070.9580332331
"parent_excitation_dense",98,"one_step_gamma_poisson",TRUE,"",TRUE,33512.0317229294
"parent_excitation_dense",98,"one_step_finite_population_overdispersed",TRUE,"",TRUE,26073.2792492357
"parent_excitation_sparse",99,"one_step_gamma_poisson",TRUE,"",TRUE,4661.91401469833
"parent_excitation_sparse",99,"one_step_finite_population_overdispersed",TRUE,"",TRUE,7678.74827749152
"parent_excitation_dense",99,"one_step_gamma_poisson",TRUE,"",TRUE,6690.4356420056
"parent_excitation_dense",99,"one_step_finite_population_overdispersed",TRUE,"",TRUE,26877.9943140363
"parent_excitation_sparse",100,"one_step_gamma_poisson",TRUE,"",TRUE,3881.31567943162
"parent_excitation_sparse",100,"one_step_finite_population_overdispersed",TRUE,"",TRUE,8735.49982625637
"parent_excitation_dense",100,"one_step_gamma_poisson",TRUE,"",TRUE,45525.8587277569
"parent_excitation_dense",100,"one_step_finite_population_overdispersed",TRUE,"",TRUE,24068.4928026135
