"truth_name","borrowing","bias_multiplier","replicate","curve_rmse","coverage_at_80","width_at_80","robust_weight"
"baseline","full",0,1,0.103666456603461,TRUE,0.0791708418420113,NA
"baseline","full",0,10,0.0429996381361687,TRUE,0.06277678051664,NA
"baseline","full",0,11,0.0673431952914104,TRUE,0.07918702153776,NA
"baseline","full",0,12,0.0750749018073532,TRUE,0.0686529713180468,NA
"baseline","full",0,14,0.0353988555047703,TRUE,0.0657488106369072,NA
"baseline","full",0,15,0.0347592426592362,TRUE,0.0779598202022911,NA
"baseline","full",0,16,0.0215023300198243,TRUE,0.0774196188212503,NA
"baseline","full",0,17,0.115790198938422,FALSE,0.0808445297360685,NA
"baseline","full",0,18,0.0361862488125818,TRUE,0.075297676131002,NA
"baseline","full",0,19,0.0508615910397168,TRUE,0.0653893782981238,NA
"baseline","full",0,2,0.0479063792683433,FALSE,0.0853635064502176,NA
"baseline","full",0,20,0.0631562660207031,TRUE,0.0645639942820721,NA
"baseline","full",0,21,0.0303995790283602,TRUE,0.0733258347205231,NA
"baseline","full",0,22,0.0245123111144078,TRUE,0.0772800670870009,NA
"baseline","full",0,23,0.00677735339662945,TRUE,0.0666397974445388,NA
"baseline","full",0,24,0.049320848919977,TRUE,0.0630169298312155,NA
"baseline","full",0,25,0.107516997820191,TRUE,0.0772446844390411,NA
"baseline","full",0,26,0.0494083536524477,TRUE,0.0787684795690774,NA
"baseline","full",0,27,0.148790158640165,TRUE,0.0665528048611355,NA
"baseline","full",0,28,0.076045849429094,TRUE,0.063437520841555,NA
"baseline","full",0,29,0.0861567201688198,TRUE,0.0652330463967203,NA
"baseline","full",0,3,0.259349340069697,TRUE,0.0672020100784886,NA
"baseline","full",0,30,0.0283179567607432,TRUE,0.0669634226205377,NA
"baseline","full",0,4,0.139915864469745,TRUE,0.0606538269251444,NA
"baseline","full",0,5,0.0434304495480333,FALSE,0.0695840466463735,NA
"baseline","full",0,6,0.0623407633126127,TRUE,0.0614023748313565,NA
"baseline","full",0,7,0.0538620988520869,TRUE,0.0737043534349236,NA
"baseline","full",0,8,0.0195117466791773,TRUE,0.0740516376726699,NA
"baseline","full",0,9,0.228735105531996,FALSE,0.0696689019833201,NA
"baseline","full",0.25,1,0.15957980852353,TRUE,0.0814557174753998,NA
"baseline","full",0.25,10,0.0136316292220581,TRUE,0.0668522941067789,NA
"baseline","full",0.25,11,0.0401499390926319,FALSE,0.0801535742760366,NA
"baseline","full",0.25,12,0.0659017663927774,TRUE,0.0738886256143597,NA
"baseline","full",0.25,13,0.143611952741483,FALSE,0.0956634791253272,NA
"baseline","full",0.25,14,0.0562894282699626,TRUE,0.0653499594853672,NA
"baseline","full",0.25,15,0.0597074683819265,FALSE,0.0820151910449612,NA
"baseline","full",0.25,16,0.0652525614672523,TRUE,0.0766867108968336,NA
"baseline","full",0.25,17,0.0912551298664913,FALSE,0.085756435087925,NA
"baseline","full",0.25,18,0.0492420114659094,FALSE,0.0782260982286891,NA
"baseline","full",0.25,19,0.0838741079542944,TRUE,0.0760810010573766,NA
"baseline","full",0.25,2,0.0453198901544492,FALSE,0.0880388288779632,NA
"baseline","full",0.25,20,0.0960270676305487,TRUE,0.0675182504171682,NA
"baseline","full",0.25,21,0.0259322216184703,FALSE,0.0797260668806254,NA
"baseline","full",0.25,22,0.0681861879148524,TRUE,0.0806778852419022,NA
"baseline","full",0.25,23,0.00677267377170722,TRUE,0.0694206835687277,NA
"baseline","full",0.25,24,0.0545054931380278,TRUE,0.0694508540732181,NA
"baseline","full",0.25,25,0.0253719751500048,TRUE,0.0680806587880158,NA
"baseline","full",0.25,26,0.0425709227959054,FALSE,0.0855839198240809,NA
"baseline","full",0.25,27,0.100098087655661,TRUE,0.0670721097403887,NA
"baseline","full",0.25,28,0.0693187085423127,TRUE,0.0666549742759196,NA
"baseline","full",0.25,29,0.0732374812453598,TRUE,0.0607747784119883,NA
"baseline","full",0.25,3,0.26081133079196,TRUE,0.0658310685814197,NA
"baseline","full",0.25,30,0.0809544018241222,TRUE,0.0737490208583238,NA
"baseline","full",0.25,4,0.0776235690366591,TRUE,0.0653514227580756,NA
"baseline","full",0.25,5,0.0262341213873992,FALSE,0.0728935771355227,NA
"baseline","full",0.25,6,0.0641625397372318,FALSE,0.0794400830246711,NA
"baseline","full",0.25,7,0.0940925458822991,FALSE,0.0751500095543527,NA
"baseline","full",0.25,8,0.0769517586279236,FALSE,0.0808211962363218,NA
"baseline","full",0.25,9,0.172755152291961,FALSE,0.0729657941087876,NA
"baseline","full",0.5,1,0.114414616804728,FALSE,0.0813608860606877,NA
"baseline","full",0.5,10,0.0413516851695986,FALSE,0.0676941664765167,NA
"baseline","full",0.5,11,0.0829090713432207,FALSE,0.0840046237151094,NA
"baseline","full",0.5,12,0.113355470337001,FALSE,0.073829154710571,NA
"baseline","full",0.5,13,0.136081686662123,FALSE,0.0927616097091681,NA
"baseline","full",0.5,14,0.056323773932395,FALSE,0.0768822067235244,NA
"baseline","full",0.5,15,0.0866730344560284,FALSE,0.0926096919823839,NA
"baseline","full",0.5,16,0.061755454983545,FALSE,0.0860484262526565,NA
"baseline","full",0.5,17,0.0781159492280247,FALSE,0.0823476569239521,NA
"baseline","full",0.5,18,0.0616372296307637,FALSE,0.0781009580102651,NA
"baseline","full",0.5,19,0.0905177441901018,FALSE,0.0827265854479174,NA
"baseline","full",0.5,2,0.0425439633935653,FALSE,0.0897584171937618,NA
"baseline","full",0.5,20,0.00759980595751988,TRUE,0.0668510292267427,NA
"baseline","full",0.5,21,0.0556335695852359,FALSE,0.0702315273486881,NA
"baseline","full",0.5,22,0.0565322207936431,FALSE,0.0858688763093677,NA
"baseline","full",0.5,23,0.0413995558415639,FALSE,0.0780268925008619,NA
"baseline","full",0.5,24,0.0366493686883933,TRUE,0.0691870711381106,NA
"baseline","full",0.5,25,0.0799174365400173,FALSE,0.0796612937215551,NA
"baseline","full",0.5,26,0.0700277368763586,FALSE,0.0944452137763845,NA
"baseline","full",0.5,27,0.0421935368751997,FALSE,0.0804459722058154,NA
"baseline","full",0.5,28,0.0437076265160176,FALSE,0.0712072915576799,NA
"baseline","full",0.5,29,0.117993118424783,TRUE,0.0733994941936421,NA
"baseline","full",0.5,3,0.257498228196686,FALSE,0.0672300729421647,NA
"baseline","full",0.5,30,0.159317121514706,FALSE,0.0771787730240546,NA
"baseline","full",0.5,4,0.0475692409165541,FALSE,0.0699800210032009,NA
"baseline","full",0.5,5,0.0729771909550806,FALSE,0.074193455168961,NA
"baseline","full",0.5,6,0.0765093820759799,FALSE,0.0813112455737422,NA
"baseline","full",0.5,7,0.109827513106843,FALSE,0.0797020469850431,NA
"baseline","full",0.5,8,0.0350936196275642,FALSE,0.0756045484114177,NA
"baseline","full",0.5,9,0.115418446881295,FALSE,0.0785628043129251,NA
"baseline","full",0.75,1,0.136395384405125,FALSE,0.0909141367839896,NA
"baseline","full",0.75,10,0.0282868641228707,FALSE,0.0743882990102565,NA
"baseline","full",0.75,11,0.0562181557801416,FALSE,0.0834130066413278,NA
"baseline","full",0.75,12,0.0619132523495618,FALSE,0.0751789681307524,NA
"baseline","full",0.75,13,0.12604580067434,FALSE,0.0885054903135812,NA
"baseline","full",0.75,14,0.106734526212455,FALSE,0.0802936262073611,NA
"baseline","full",0.75,15,0.05974937001,FALSE,0.0898356892742393,NA
"baseline","full",0.75,16,0.124947519363603,FALSE,0.0875095854272445,NA
"baseline","full",0.75,17,0.122483860215946,FALSE,0.0812916098202591,NA
"baseline","full",0.75,18,0.0821962774113156,FALSE,0.0859274743572027,NA
"baseline","full",0.75,19,0.0837335541170576,FALSE,0.0757781360697707,NA
"baseline","full",0.75,2,0.05862894101204,FALSE,0.0915095251796355,NA
"baseline","full",0.75,20,0.0388704528125714,FALSE,0.0714381734196631,NA
"baseline","full",0.75,21,0.073908860814576,FALSE,0.0840810230110387,NA
"baseline","full",0.75,22,0.0648004154075429,FALSE,0.0822469834732897,NA
"baseline","full",0.75,23,0.0991610015317836,FALSE,0.0837038501840807,NA
"baseline","full",0.75,24,0.0513652124234251,FALSE,0.0802596591487824,NA
"baseline","full",0.75,25,0.118862533666525,FALSE,0.0862749212972972,NA
"baseline","full",0.75,26,0.0791107862831867,FALSE,0.0922677979518704,NA
"baseline","full",0.75,27,0.153407920451585,FALSE,0.0788548648643701,NA
"baseline","full",0.75,28,0.0521093380038487,FALSE,0.0763056822463807,NA
"baseline","full",0.75,29,0.127633314193399,FALSE,0.0851080105170227,NA
"baseline","full",0.75,3,0.238519001239387,FALSE,0.0717557722166432,NA
"baseline","full",0.75,30,0.138104724898064,FALSE,0.0840534123708325,NA
"baseline","full",0.75,4,0.0584674593963107,FALSE,0.0724946964192125,NA
"baseline","full",0.75,5,0.0696828892650661,FALSE,0.0797122501401046,NA
"baseline","full",0.75,6,0.121083503071995,FALSE,0.0863590573787018,NA
"baseline","full",0.75,7,0.0546935463342958,FALSE,0.0776330886563149,NA
"baseline","full",0.75,8,0.0383912526508555,FALSE,0.079286633589885,NA
"baseline","full",0.75,9,0.175145387989692,FALSE,0.0773118468472063,NA
"baseline","full",1,1,0.114052026860828,FALSE,0.0814072625277105,NA
"baseline","full",1,10,0.0784323972695082,FALSE,0.0780348362357157,NA
"baseline","full",1,11,0.0864385813101404,FALSE,0.091585470367949,NA
"baseline","full",1,12,0.129423654714837,FALSE,0.0841898433185397,NA
"baseline","full",1,13,0.145306891998969,FALSE,0.0996905971723519,NA
"baseline","full",1,14,0.0782125912999568,FALSE,0.0846779987952839,NA
"baseline","full",1,15,0.194577438585377,FALSE,0.0931973324885973,NA
"baseline","full",1,16,0.125141800410592,FALSE,0.0869531360595627,NA
"baseline","full",1,17,0.0674729657844169,FALSE,0.0815021348789352,NA
"baseline","full",1,18,0.0979124027902455,FALSE,0.0848025450985344,NA
"baseline","full",1,19,0.0937840862248107,FALSE,0.0829319592847531,NA
"baseline","full",1,2,0.110544866909179,FALSE,0.0931291117838736,NA
"baseline","full",1,20,0.077944038992688,FALSE,0.0812708840318169,NA
"baseline","full",1,21,0.0974709533960837,FALSE,0.0800933922847167,NA
"baseline","full",1,22,0.106944595360198,FALSE,0.0890356278193219,NA
"baseline","full",1,23,0.0610348827455231,FALSE,0.0797540561302332,NA
"baseline","full",1,24,0.0810617743901978,FALSE,0.0861117287473796,NA
"baseline","full",1,25,0.126767749128987,FALSE,0.0874420294552216,NA
"baseline","full",1,26,0.115814282031437,FALSE,0.0926048455296943,NA
"baseline","full",1,27,0.0732439814793388,FALSE,0.0772636765921364,NA
"baseline","full",1,28,0.0699284615494565,FALSE,0.0783414485954145,NA
"baseline","full",1,29,0.144504931398633,FALSE,0.0847177856390275,NA
"baseline","full",1,3,0.210411477755847,FALSE,0.0775553057109161,NA
"baseline","full",1,30,0.103303436108734,FALSE,0.0866057969228786,NA
"baseline","full",1,4,0.0503482911967802,FALSE,0.0754763771693546,NA
"baseline","full",1,5,0.104584322213049,FALSE,0.0759871174660028,NA
"baseline","full",1,6,0.0788198663330365,FALSE,0.0856729147520768,NA
"baseline","full",1,7,0.0930850133481111,FALSE,0.0795446861503751,NA
"baseline","full",1,8,0.116613320601934,FALSE,0.0858402477558656,NA
"baseline","full",1,9,0.133218703411524,FALSE,0.0811631315611768,NA
"baseline","full",1.5,1,0.176480250288385,FALSE,0.0827661228551753,NA
"baseline","full",1.5,10,0.130188820254152,FALSE,0.0888491981433276,NA
"baseline","full",1.5,11,0.124351328566159,FALSE,0.0975790912632915,NA
"baseline","full",1.5,12,0.184988781541393,FALSE,0.0937177632660331,NA
"baseline","full",1.5,13,0.129104201168626,FALSE,0.0978646939101028,NA
"baseline","full",1.5,14,0.167406690251249,FALSE,0.0925897937922018,NA
"baseline","full",1.5,15,0.117675776549717,FALSE,0.0941618180670699,NA
"baseline","full",1.5,16,0.181546311617251,FALSE,0.0914938188395113,NA
"baseline","full",1.5,17,0.131087952102899,FALSE,0.0819510786843646,NA
"baseline","full",1.5,18,0.140119150989049,FALSE,0.0907148024411534,NA
"baseline","full",1.5,19,0.129259144564094,FALSE,0.0838562000749989,NA
"baseline","full",1.5,2,0.146638647147715,FALSE,0.092420995989373,NA
"baseline","full",1.5,20,0.112351070651641,FALSE,0.0825331430208701,NA
"baseline","full",1.5,21,0.163711835645046,FALSE,0.0988859067161196,NA
"baseline","full",1.5,22,0.10934786712357,FALSE,0.0864660374936395,NA
"baseline","full",1.5,23,0.130994028346673,FALSE,0.087482852118721,NA
"baseline","full",1.5,24,0.138345817213085,FALSE,0.0910552110812539,NA
"baseline","full",1.5,25,0.163765639971493,FALSE,0.0910646183038947,NA
"baseline","full",1.5,26,0.141688540301381,FALSE,0.10011142184052,NA
"baseline","full",1.5,27,0.120163051384374,FALSE,0.0852753044855643,NA
"baseline","full",1.5,28,0.100118787347134,FALSE,0.0833664089370428,NA
"baseline","full",1.5,29,0.251410465728542,FALSE,0.0960711906356999,NA
"baseline","full",1.5,3,0.167068441825582,FALSE,0.0770851849329937,NA
"baseline","full",1.5,30,0.158488310360813,FALSE,0.0873476209720566,NA
"baseline","full",1.5,4,0.132340123522974,FALSE,0.090460611416271,NA
"baseline","full",1.5,5,0.153303602919885,FALSE,0.0836710792585396,NA
"baseline","full",1.5,6,0.186991691916855,FALSE,0.111066128247879,NA
"baseline","full",1.5,7,0.136535794638487,FALSE,0.0803233710216782,NA
"baseline","full",1.5,8,0.1066931714806,FALSE,0.0936904605055823,NA
"baseline","full",1.5,9,0.15142722633232,FALSE,0.0794404959284364,NA
"baseline","none",NA,1,0.345782653016824,FALSE,0.21384130442622,NA
"baseline","none",NA,11,0.221124608523659,FALSE,0.344175579878074,NA
"baseline","none",NA,12,0.173920612707774,FALSE,0.264258472858624,NA
"baseline","none",NA,13,0.477145012347344,FALSE,0.112161789248118,NA
"baseline","none",NA,14,0.0556293352346911,TRUE,0.313939016369583,NA
"baseline","none",NA,15,1.04076283386575,TRUE,0.213464550923459,NA
"baseline","none",NA,16,0.14472005263413,FALSE,0.300390195731859,NA
"baseline","none",NA,17,0.177622148389342,FALSE,0.17962861994829,NA
"baseline","none",NA,18,0.0696663760514357,TRUE,0.452131698817946,NA
"baseline","none",NA,19,0.119456856279439,TRUE,0.2403201958828,NA
"baseline","none",NA,2,0.272586348416829,FALSE,0.230348664495878,NA
"baseline","none",NA,20,0.201783760225301,FALSE,0.125431517468669,NA
"baseline","none",NA,21,0.105087538664322,FALSE,0.276947488913141,NA
"baseline","none",NA,22,0.127903154058148,FALSE,0.22536679072646,NA
"baseline","none",NA,23,0.0377057450751545,TRUE,0.198297115250951,NA
"baseline","none",NA,24,0.130332728111963,TRUE,0.18288721601845,NA
"baseline","none",NA,25,0.128968136441108,TRUE,0.317529840849705,NA
"baseline","none",NA,26,0.231073206485918,FALSE,0.294299346788619,NA
"baseline","none",NA,27,0.198140301602009,TRUE,0.212180301816799,NA
"baseline","none",NA,28,0.105362132624608,TRUE,0.181862527365155,NA
"baseline","none",NA,29,0.146084773230414,TRUE,0.403999893900092,NA
"baseline","none",NA,3,0.401266894419414,TRUE,0.159715955760815,NA
"baseline","none",NA,30,0.259131056756096,FALSE,0.236575769911055,NA
"baseline","none",NA,4,0.242298121432464,FALSE,0.129423967788618,NA
"baseline","none",NA,5,0.111244253468467,FALSE,0.214189695267232,NA
"baseline","none",NA,6,0.0888301247160196,TRUE,0.586208784809588,NA
"baseline","none",NA,7,0.166683827763793,TRUE,0.254939240699031,NA
"baseline","none",NA,8,0.126533406663816,FALSE,0.259385986937599,NA
"baseline","none",NA,9,0.309633177173393,TRUE,0.24014995378843,NA
"baseline","robust",0,1,0.33821429713467,FALSE,0.216844399393974,0.00215013007220083
"baseline","robust",0,11,0.211075024348089,FALSE,0.449181371966603,0.0310054483473209
"baseline","robust",0,12,0.0813291754471719,TRUE,0.170924235171574,0.932424069266361
"baseline","robust",0,14,0.0368618951220472,TRUE,0.067948571097729,0.994048255767398
"baseline","robust",0,15,1.03992922791543,TRUE,0.226503438657374,3.92910392110302e-06
"baseline","robust",0,16,0.0316976474938025,TRUE,0.148157976781473,0.95929022669741
"baseline","robust",0,17,0.173971054570813,FALSE,0.189199795181594,0.0174977655414965
"baseline","robust",0,18,0.0347513221463505,TRUE,0.0839117478655029,0.956943936742463
"baseline","robust",0,19,0.0523006479281878,TRUE,0.0733730698570244,0.969116312247425
"baseline","robust",0,2,0.26840569370263,FALSE,0.232304239683538,0.00244898249934398
"baseline","robust",0,20,0.0695789764435468,TRUE,0.118278081587118,0.959300048998363
"baseline","robust",0,21,0.0554678637216216,TRUE,0.297704737861967,0.619216950325917
"baseline","robust",0,22,0.0811132162626223,TRUE,0.303526582686487,0.32377084536422
"baseline","robust",0,23,0.00946229555788032,TRUE,0.087020014169753,0.925244373861068
"baseline","robust",0,24,0.0492550799976452,TRUE,0.0668580904481085,0.992861730304886
"baseline","robust",0,25,0.107253501710478,TRUE,0.0726459479543609,0.994178681330964
"baseline","robust",0,26,0.236768811502836,FALSE,0.269255215273812,0.000299518961657523
"baseline","robust",0,27,0.151214009163931,TRUE,0.0728860914800623,0.944484120152019
"baseline","robust",0,28,0.0724514595960798,TRUE,0.0633500343036169,0.99469344387303
"baseline","robust",0,29,0.0839476838981245,TRUE,0.0628420904653406,0.991869336360063
"baseline","robust",0,3,0.393128863922315,TRUE,0.159282534268013,0.0622878385662282
"baseline","robust",0,30,0.152040325616766,TRUE,0.277982267987118,0.464496722587829
"baseline","robust",0,4,0.142062749186712,TRUE,0.0654817519706293,0.98290088133067
"baseline","robust",0,5,0.0430316019291522,FALSE,0.0724517794854884,0.99561086426078
"baseline","robust",0,6,0.0639426397428187,TRUE,0.0629033721421799,0.99412698686308
"baseline","robust",0,7,0.087762722172334,TRUE,0.196905968424817,0.660163870373586
"baseline","robust",0,8,0.0356045826036251,TRUE,0.284753080100217,0.82043761959208
"baseline","robust",0,9,0.231585408983062,TRUE,0.0869755349303511,0.955391543772718
"baseline","robust",0.25,1,0.280274348752439,FALSE,0.350484593193061,0.317227229597525
"baseline","robust",0.25,11,0.209611432987652,FALSE,0.463611406365069,0.0718764883485731
"baseline","robust",0.25,12,0.0704179394440369,TRUE,0.0983027277502733,0.966093630620044
"baseline","robust",0.25,13,0.471944889532969,FALSE,0.11025688028929,4.5430687264537e-06
"baseline","robust",0.25,14,0.0561842906148024,TRUE,0.0712615229598367,0.9878757886767
"baseline","robust",0.25,15,1.03828432043914,TRUE,0.252592710032572,1.46283882901409e-05
"baseline","robust",0.25,16,0.0655784564440218,TRUE,0.0956131252860914,0.981128976877413
"baseline","robust",0.25,17,0.135228264979467,FALSE,0.223656251804167,0.47618477115019
"baseline","robust",0.25,18,0.0487481104944236,FALSE,0.0825165799592754,0.993396497919311
"baseline","robust",0.25,19,0.0832121732589253,TRUE,0.0701771422460751,0.99443666566277
"baseline","robust",0.25,2,0.264826624306982,FALSE,0.238124347977279,0.011225810886373
"baseline","robust",0.25,20,0.102324523463143,TRUE,0.143460653891507,0.939854082037061
"baseline","robust",0.25,21,0.0355473430002615,FALSE,0.228011788450088,0.863374780105442
"baseline","robust",0.25,22,0.097102105643331,TRUE,0.316715004721213,0.381794460498411
"baseline","robust",0.25,23,0.0069546496351905,TRUE,0.0676352070648175,0.995311812146583
"baseline","robust",0.25,24,0.056479620492974,TRUE,0.0741434002876434,0.9877042728509
"baseline","robust",0.25,25,0.029808845840242,TRUE,0.0720764425216144,0.98602347173202
"baseline","robust",0.25,26,0.21992449180065,FALSE,0.439821937511794,0.0803159321582302
"baseline","robust",0.25,27,0.105950849838136,TRUE,0.0861326854892495,0.925986454006002
"baseline","robust",0.25,28,0.0680128087175504,TRUE,0.0709611564078603,0.990520367772881
"baseline","robust",0.25,29,0.0738820288640068,TRUE,0.06987734345714,0.990215916865118
"baseline","robust",0.25,3,0.388714278812337,TRUE,0.16875884349192,0.0937490970599293
"baseline","robust",0.25,30,0.0975399632070544,TRUE,0.16214883226869,0.90734619926524
"baseline","robust",0.25,4,0.0977211875402669,TRUE,0.153305875573513,0.882724932328609
"baseline","robust",0.25,5,0.0262706839094733,FALSE,0.0680927052818595,0.992910360302528
"baseline","robust",0.25,6,0.0648678813111339,FALSE,0.0806146442332824,0.994404939021027
"baseline","robust",0.25,7,0.090406605185096,FALSE,0.0802588132703806,0.982069083497859
"baseline","robust",0.25,8,0.0790734034171551,FALSE,0.246197846957917,0.836178313925022
"baseline","robust",0.25,9,0.289433885051905,TRUE,0.212465297667012,0.185331642943018
"baseline","robust",0.5,1,0.328180691400524,FALSE,0.247715130239361,0.0329239407052548
"baseline","robust",0.5,11,0.154082276898851,FALSE,0.432324592278066,0.493638641762288
"baseline","robust",0.5,12,0.119378936226249,FALSE,0.0743045856212169,0.990961072054444
"baseline","robust",0.5,13,0.473770825093756,FALSE,0.107507732288243,6.70665978535394e-06
"baseline","robust",0.5,14,0.0563816042491366,FALSE,0.0775297792980142,0.990199282321912
"baseline","robust",0.5,15,1.04045783033671,TRUE,0.219899191062115,0.000115314910629075
"baseline","robust",0.5,16,0.0615120089652291,FALSE,0.0871435835244452,0.989578327786907
"baseline","robust",0.5,17,0.173797792905072,FALSE,0.186106884021518,0.00524777456505971
"baseline","robust",0.5,18,0.0627500987562548,FALSE,0.0841174399789868,0.995221937928659
"baseline","robust",0.5,19,0.0903074252692453,FALSE,0.0845443630769213,0.991859201308177
"baseline","robust",0.5,2,0.267619581446527,FALSE,0.240996599637375,0.00812769570126202
"baseline","robust",0.5,20,0.0500126872510681,TRUE,0.161514225324839,0.765856121220306
"baseline","robust",0.5,21,0.0533041248657877,FALSE,0.173635153463553,0.939725979562538
"baseline","robust",0.5,22,0.0567139217667464,FALSE,0.0948801323366126,0.977765033196347
"baseline","robust",0.5,23,0.0409011515472475,FALSE,0.0787876551827546,0.991612745188367
"baseline","robust",0.5,24,0.0387573417490479,TRUE,0.0728509684047818,0.986641245774844
"baseline","robust",0.5,25,0.0789532928337895,FALSE,0.0831805355036188,0.995393645069102
"baseline","robust",0.5,26,0.141128013412506,FALSE,0.385520706564145,0.549182941090071
"baseline","robust",0.5,27,0.15530674980555,TRUE,0.188444992198747,0.218251329878305
"baseline","robust",0.5,28,0.0438329302264165,TRUE,0.134831901594416,0.939390014642252
"baseline","robust",0.5,29,0.117913596175692,TRUE,0.0717820052725786,0.994214480310293
"baseline","robust",0.5,3,0.388909125188017,TRUE,0.176166750333901,0.0782387646326132
"baseline","robust",0.5,30,0.163057546346046,FALSE,0.0751743016047143,0.988670949165459
"baseline","robust",0.5,4,0.238009825380609,TRUE,0.154849223681554,0.0193177724448463
"baseline","robust",0.5,5,0.0749026267093719,FALSE,0.0739327635107605,0.997412301796431
"baseline","robust",0.5,6,0.0756008508333456,FALSE,0.0797952665670087,0.994797687902564
"baseline","robust",0.5,7,0.111670040743333,FALSE,0.0764347492002534,0.991689501660668
"baseline","robust",0.5,8,0.0394944358929046,FALSE,0.237160836692558,0.906946527023027
"baseline","robust",0.5,9,0.314428306707273,TRUE,0.241759040238071,0.00121550503951196
"baseline","robust",0.75,1,0.171997150492135,FALSE,0.235172914881168,0.812116884634231
"baseline","robust",0.75,11,0.139784825923194,FALSE,0.409707943886388,0.458785916006995
"baseline","robust",0.75,12,0.0684751973215363,FALSE,0.146880490732897,0.885708850613946
"baseline","robust",0.75,13,0.481716032002447,FALSE,0.101519828557135,0.000180139587594269
"baseline","robust",0.75,14,0.10081049891137,FALSE,0.0869254923051593,0.976776120626025
"baseline","robust",0.75,15,1.03974426864375,TRUE,0.235262967390167,4.64616717667942e-05
"baseline","robust",0.75,16,0.124120675480144,FALSE,0.0911773015665579,0.997149828638203
"baseline","robust",0.75,17,0.124680422931453,FALSE,0.0934564431275869,0.984606393559779
"baseline","robust",0.75,18,0.0812463655534035,FALSE,0.0847453994753162,0.994375679954975
"baseline","robust",0.75,19,0.0839136541229403,FALSE,0.0756001134625312,0.991389821091097
"baseline","robust",0.75,2,0.26964309606366,FALSE,0.32383433016625,0.0405620189925198
"baseline","robust",0.75,20,0.104708421674833,TRUE,0.221963343486493,0.504727248596372
"baseline","robust",0.75,21,0.0737819028042457,FALSE,0.0825902122953883,0.993677108611543
"baseline","robust",0.75,22,0.0656552122093476,FALSE,0.100965018219076,0.974438024709422
"baseline","robust",0.75,23,0.0932389905973736,TRUE,0.163355355599275,0.938961942117745
"baseline","robust",0.75,24,0.0482965595221375,TRUE,0.205776343020742,0.937367503649439
"baseline","robust",0.75,25,0.120030418228181,FALSE,0.0863085550492149,0.996451338153167
"baseline","robust",0.75,26,0.158722439917851,FALSE,0.399455738728319,0.470541847623428
"baseline","robust",0.75,27,0.155208361467957,FALSE,0.0802484130869105,0.988095651385281
"baseline","robust",0.75,28,0.0456967584975151,TRUE,0.223663680026723,0.694639425070658
"baseline","robust",0.75,29,0.128183171600489,FALSE,0.0922155402581177,0.973158986016968
"baseline","robust",0.75,3,0.402030193562359,TRUE,0.157217731333444,0.00453849560137752
"baseline","robust",0.75,30,0.139719931813573,FALSE,0.0863785380459827,0.990584029048963
"baseline","robust",0.75,4,0.111219338403432,TRUE,0.185103495498803,0.667857961787314
"baseline","robust",0.75,5,0.0706921429710602,FALSE,0.0758388756852505,0.997033969910299
"baseline","robust",0.75,6,0.12079692306578,FALSE,0.0873708740332141,0.995616786344505
"baseline","robust",0.75,7,0.0748273105477914,FALSE,0.17956978165886,0.696950563731825
"baseline","robust",0.75,8,0.0462370744074744,FALSE,0.237621407453357,0.894459243839387
"baseline","robust",0.75,9,0.287791003340853,TRUE,0.238396719483785,0.234879506567194
"baseline","robust",1,1,0.266852345047683,FALSE,0.22700793548473,0.332449899262614
"baseline","robust",1,11,0.0951019873998519,FALSE,0.181957273923358,0.942546340395829
"baseline","robust",1,12,0.131079656800779,FALSE,0.0821783252830479,0.996663565011278
"baseline","robust",1,13,0.470701924594344,FALSE,0.111180603040903,0.00171472746194679
"baseline","robust",1,14,0.0777779852843311,FALSE,0.0845042435680549,0.985700863625544
"baseline","robust",1,15,1.03647079693759,TRUE,0.248493460203714,0.000341198144366749
"baseline","robust",1,16,0.122875815752931,FALSE,0.0909136593211218,0.997392294674162
"baseline","robust",1,17,0.171810296642964,FALSE,0.184706539778308,0.0521923360652584
"baseline","robust",1,18,0.0977576679998445,FALSE,0.087430654177711,0.993857155872342
"baseline","robust",1,19,0.0937054707251549,FALSE,0.085838551059954,0.9754280791731
"baseline","robust",1,2,0.125011299434873,FALSE,0.226551635640441,0.878149299395695
"baseline","robust",1,20,0.172013377370722,TRUE,0.254232263815396,0.206910341230314
"baseline","robust",1,21,0.0992504459719647,FALSE,0.0856700938555697,0.994799421302619
"baseline","robust",1,22,0.106013418867008,FALSE,0.0842563386929721,0.997092025070198
"baseline","robust",1,23,0.0608995996808449,FALSE,0.090328930035466,0.981458846852057
"baseline","robust",1,24,0.04522818288692,TRUE,0.274096648109879,0.754323683769632
"baseline","robust",1,25,0.130425192428458,FALSE,0.0855572163273689,0.99661311850197
"baseline","robust",1,26,0.119303457311854,FALSE,0.113907123332884,0.964322358655581
"baseline","robust",1,27,0.125648892886006,TRUE,0.220281126589487,0.429052630800084
"baseline","robust",1,28,0.0653717638978983,TRUE,0.246198335351793,0.636550542633214
"baseline","robust",1,29,0.144001743907439,FALSE,0.0897993104889895,0.98593647835327
"baseline","robust",1,3,0.403529045999886,TRUE,0.145455217235388,3.34829944036445e-05
"baseline","robust",1,30,0.107781541230287,FALSE,0.0969187705504864,0.933329085959066
"baseline","robust",1,4,0.229747226015899,TRUE,0.211595876626098,0.0477877715147604
"baseline","robust",1,5,0.102411382745248,FALSE,0.0794466065773181,0.997922494844968
"baseline","robust",1,6,0.0784270149338642,FALSE,0.0900176464892362,0.981548148012621
"baseline","robust",1,7,0.103216659550149,FALSE,0.176862285887597,0.763942950338511
"baseline","robust",1,8,0.111782774436044,FALSE,0.0930142246910949,0.995223285168339
"baseline","robust",1,9,0.317186197670625,TRUE,0.229033127896328,0.00183541710623888
"baseline","robust",1.5,1,0.180524753169412,FALSE,0.103969723332159,0.968295634531694
"baseline","robust",1.5,11,0.125327123329178,FALSE,0.105638466238112,0.975691008726816
"baseline","robust",1.5,12,0.185876025926812,FALSE,0.0913200092925175,0.996512061035633
"baseline","robust",1.5,13,0.46262748202572,FALSE,0.158505289947616,0.0343516558218373
"baseline","robust",1.5,14,0.122821992662918,TRUE,0.393194823219049,0.77382789358743
"baseline","robust",1.5,15,1.03667238706769,TRUE,0.25140923521881,0.000479539745380259
"baseline","robust",1.5,16,0.185416537765311,FALSE,0.0923601833413065,0.995242840022056
"baseline","robust",1.5,17,0.132075886414829,FALSE,0.08487528231183,0.992056060233465
"baseline","robust",1.5,18,0.140142048205429,FALSE,0.0936564440850455,0.983031920654389
"baseline","robust",1.5,19,0.127228917004293,FALSE,0.161387355405553,0.9587810491595
"baseline","robust",1.5,2,0.148427259071204,FALSE,0.102072518122152,0.965040065689407
"baseline","robust",1.5,20,0.208591084154434,FALSE,0.120944496749257,0.00453518729621169
"baseline","robust",1.5,21,0.162058946137932,FALSE,0.103039096041758,0.98726600998522
"baseline","robust",1.5,22,0.109226419190644,FALSE,0.0902961015217413,0.997667728892055
"baseline","robust",1.5,23,0.0563360798970507,TRUE,0.319640521937612,0.397112614511426
"baseline","robust",1.5,24,0.106967553527074,TRUE,0.363394495472927,0.209888375928538
"baseline","robust",1.5,25,0.160446563108793,FALSE,0.0954576061528737,0.991568321317695
"baseline","robust",1.5,26,0.142291779638024,FALSE,0.0986967863188942,0.991678743525315
"baseline","robust",1.5,27,0.161891908628733,TRUE,0.280499483277047,0.288060930102531
"baseline","robust",1.5,28,0.108548546320278,TRUE,0.271878079718886,0.0261977063888476
"baseline","robust",1.5,29,0.251312750867206,FALSE,0.0941843776873926,0.992135669032769
"baseline","robust",1.5,3,0.402916623467981,TRUE,0.154816792861989,9.97290796502438e-09
"baseline","robust",1.5,30,0.156872661455955,FALSE,0.0907576876181607,0.987121408158149
"baseline","robust",1.5,4,0.244009744613649,FALSE,0.126511308375996,6.72124113433865e-05
"baseline","robust",1.5,5,0.152064954782242,FALSE,0.0955704335341374,0.982134397170052
"baseline","robust",1.5,6,0.184125892330744,FALSE,0.115284603147727,0.987338440842856
"baseline","robust",1.5,7,0.138426634252688,FALSE,0.181507827839536,0.887540290687611
"baseline","robust",1.5,8,0.105973814201716,FALSE,0.0961521363175812,0.997487543736068
"baseline","robust",1.5,9,0.316075234519682,TRUE,0.242064614691369,0.000245634816480236
"flatter_fecundity","full",0,1,0.0155489123015765,TRUE,0.0514444438961585,NA
"flatter_fecundity","full",0,10,0.0167073135823694,TRUE,0.0485040834032477,NA
"flatter_fecundity","full",0,11,0.0197996801170873,TRUE,0.0492191314539882,NA
"flatter_fecundity","full",0,12,0.0245459523866566,TRUE,0.0499617132070148,NA
"flatter_fecundity","full",0,13,0.0128291091979164,TRUE,0.0572207967211522,NA
"flatter_fecundity","full",0,14,0.0167400605446253,TRUE,0.0515523170375496,NA
"flatter_fecundity","full",0,15,0.0399911722741084,TRUE,0.0533933774094299,NA
"flatter_fecundity","full",0,16,0.025655656139653,TRUE,0.047953402285502,NA
"flatter_fecundity","full",0,17,0.0104551603298166,TRUE,0.0507233201178675,NA
"flatter_fecundity","full",0,18,0.0321292900136087,TRUE,0.0484978673006816,NA
"flatter_fecundity","full",0,19,0.00372183503570342,TRUE,0.0641262204550819,NA
"flatter_fecundity","full",0,2,0.00214119202780341,TRUE,0.0508637953616362,NA
"flatter_fecundity","full",0,20,0.0200996491336906,TRUE,0.0549632450217298,NA
"flatter_fecundity","full",0,21,0.0105433165137458,TRUE,0.046286601019977,NA
"flatter_fecundity","full",0,22,0.0134409378475264,TRUE,0.0611636956989745,NA
"flatter_fecundity","full",0,23,0.0159404982105517,TRUE,0.0534238803449324,NA
"flatter_fecundity","full",0,24,0.011488824686024,TRUE,0.0479803792416229,NA
"flatter_fecundity","full",0,25,0.0293238891528253,TRUE,0.0540535530881292,NA
"flatter_fecundity","full",0,26,0.00605851306973167,TRUE,0.0563119921045996,NA
"flatter_fecundity","full",0,27,0.0550137512357613,TRUE,0.0537016510485282,NA
"flatter_fecundity","full",0,28,0.0247729999930631,TRUE,0.0546997501403586,NA
"flatter_fecundity","full",0,29,0.0198590395079862,TRUE,0.048150768205174,NA
"flatter_fecundity","full",0,3,0.0366360291176024,TRUE,0.0467830482218012,NA
"flatter_fecundity","full",0,30,0.0146128627066631,TRUE,0.0489901724321177,NA
"flatter_fecundity","full",0,4,0.0103510311404629,TRUE,0.0505035165162267,NA
"flatter_fecundity","full",0,5,0.0158151641095418,TRUE,0.0540958222932544,NA
"flatter_fecundity","full",0,6,0.0155518202290974,TRUE,0.0555501959789248,NA
"flatter_fecundity","full",0,7,0.0170664802149373,TRUE,0.0498380432240076,NA
"flatter_fecundity","full",0,8,0.00647907230055324,TRUE,0.0535175104740279,NA
"flatter_fecundity","full",0,9,0.0103919759572159,TRUE,0.0483963087478678,NA
"flatter_fecundity","full",0.25,1,0.0431961136901963,TRUE,0.046700582740627,NA
"flatter_fecundity","full",0.25,10,0.0326868973062772,TRUE,0.0512774908180843,NA
"flatter_fecundity","full",0.25,11,0.02829289215666,TRUE,0.0494338019118423,NA
"flatter_fecundity","full",0.25,12,0.0182353065962361,TRUE,0.0498828139993145,NA
"flatter_fecundity","full",0.25,13,0.00905440733434663,TRUE,0.0583849960992087,NA
"flatter_fecundity","full",0.25,14,0.04445943424952,TRUE,0.0470188862363659,NA
"flatter_fecundity","full",0.25,15,0.0189197818105038,TRUE,0.0542412647922223,NA
"flatter_fecundity","full",0.25,16,0.0398960120006888,TRUE,0.0505633509726923,NA
"flatter_fecundity","full",0.25,17,0.0279828355542849,TRUE,0.0498307052505676,NA
"flatter_fecundity","full",0.25,18,0.0614646339622966,TRUE,0.0449778045678929,NA
"flatter_fecundity","full",0.25,19,0.0154010144489208,TRUE,0.0560275698494733,NA
"flatter_fecundity","full",0.25,2,0.0593515790135398,TRUE,0.0449583200190263,NA
"flatter_fecundity","full",0.25,20,0.00829163949072286,TRUE,0.0562785319020923,NA
"flatter_fecundity","full",0.25,21,0.0226144833574022,TRUE,0.0473238838247818,NA
"flatter_fecundity","full",0.25,22,0.0423331681407774,FALSE,0.055765241132642,NA
"flatter_fecundity","full",0.25,23,0.016224101939744,TRUE,0.0544500553560063,NA
"flatter_fecundity","full",0.25,24,0.040966932924205,FALSE,0.0451698943775181,NA
"flatter_fecundity","full",0.25,25,0.0194878930468951,TRUE,0.0508726107575493,NA
"flatter_fecundity","full",0.25,26,0.0300904432077174,TRUE,0.0518330442392348,NA
"flatter_fecundity","full",0.25,27,0.0127133825691436,TRUE,0.0525480672447201,NA
"flatter_fecundity","full",0.25,28,0.0353719389904628,FALSE,0.0517324299390959,NA
"flatter_fecundity","full",0.25,29,0.0184719270256947,TRUE,0.057016324376376,NA
"flatter_fecundity","full",0.25,3,0.0577433431548673,TRUE,0.0539282980754774,NA
"flatter_fecundity","full",0.25,30,0.0282006216465668,TRUE,0.0486227619999593,NA
"flatter_fecundity","full",0.25,4,0.0234089743131515,FALSE,0.0497845441807703,NA
"flatter_fecundity","full",0.25,5,0.0208950753281477,FALSE,0.0502743253214973,NA
"flatter_fecundity","full",0.25,6,0.0520353881326104,TRUE,0.0540692257787788,NA
"flatter_fecundity","full",0.25,7,0.0123479555631653,TRUE,0.0471638768123112,NA
"flatter_fecundity","full",0.25,8,0.0385333607133032,TRUE,0.0504589125429786,NA
"flatter_fecundity","full",0.25,9,0.0199490035908879,TRUE,0.0496414746798285,NA
"flatter_fecundity","full",0.5,1,0.0285325958373182,FALSE,0.0518311344612896,NA
"flatter_fecundity","full",0.5,10,0.035657149454784,FALSE,0.0462664776060241,NA
"flatter_fecundity","full",0.5,11,0.0588183829237541,FALSE,0.0458212440240404,NA
"flatter_fecundity","full",0.5,12,0.0366368571639021,FALSE,0.0481858798714389,NA
"flatter_fecundity","full",0.5,13,0.0355597615247414,FALSE,0.0524886657252946,NA
"flatter_fecundity","full",0.5,14,0.0463964986660649,FALSE,0.0489937323320471,NA
"flatter_fecundity","full",0.5,15,0.0355118593058846,FALSE,0.0520750023595354,NA
"flatter_fecundity","full",0.5,16,0.0611811398023595,FALSE,0.0473726164390733,NA
"flatter_fecundity","full",0.5,17,0.035847808534984,FALSE,0.0535818685839594,NA
"flatter_fecundity","full",0.5,18,0.0201782494946766,TRUE,0.0489425923289795,NA
"flatter_fecundity","full",0.5,19,0.0281256038950992,FALSE,0.0545532194797408,NA
"flatter_fecundity","full",0.5,2,0.0225735101525051,FALSE,0.0473874801771012,NA
"flatter_fecundity","full",0.5,20,0.0587530197182089,FALSE,0.0481443758562625,NA
"flatter_fecundity","full",0.5,21,0.0282319287732885,FALSE,0.0464034500750917,NA
"flatter_fecundity","full",0.5,22,0.0700924376444413,FALSE,0.0543596026492295,NA
"flatter_fecundity","full",0.5,23,0.0350491989039035,FALSE,0.0513192666798992,NA
"flatter_fecundity","full",0.5,24,0.000899967990896525,TRUE,0.0454639697031492,NA
"flatter_fecundity","full",0.5,25,0.0378212802545164,FALSE,0.0532239292620001,NA
"flatter_fecundity","full",0.5,26,0.0464283972343727,FALSE,0.0494712403172048,NA
"flatter_fecundity","full",0.5,27,0.0402356688844972,FALSE,0.0480292604305825,NA
"flatter_fecundity","full",0.5,28,0.0234792646071906,FALSE,0.0512121813609769,NA
"flatter_fecundity","full",0.5,29,0.05342809596137,FALSE,0.0514684465253407,NA
"flatter_fecundity","full",0.5,3,0.0567148188206728,FALSE,0.0456434866629207,NA
"flatter_fecundity","full",0.5,30,0.0390002064165431,FALSE,0.0534997058731131,NA
"flatter_fecundity","full",0.5,4,0.0484387427422365,FALSE,0.0502711928935875,NA
"flatter_fecundity","full",0.5,5,0.0111421176980076,TRUE,0.0521765277987218,NA
"flatter_fecundity","full",0.5,6,0.0484901975843043,FALSE,0.0498590052957915,NA
"flatter_fecundity","full",0.5,7,0.0457616614518984,FALSE,0.047592075851633,NA
"flatter_fecundity","full",0.5,8,0.0515484143943164,FALSE,0.0504602656680758,NA
"flatter_fecundity","full",0.5,9,0.0404982893072673,FALSE,0.0531726024260568,NA
"flatter_fecundity","full",0.75,1,0.0508806637135169,FALSE,0.0511388435685002,NA
"flatter_fecundity","full",0.75,10,0.0440021960834203,FALSE,0.0446931838265514,NA
"flatter_fecundity","full",0.75,11,0.048103087052824,FALSE,0.05136480935338,NA
"flatter_fecundity","full",0.75,12,0.042341180543079,FALSE,0.0480250682723251,NA
"flatter_fecundity","full",0.75,13,0.0521862718971562,FALSE,0.0501513388147417,NA
"flatter_fecundity","full",0.75,14,0.0742333069378002,FALSE,0.0455523002523312,NA
"flatter_fecundity","full",0.75,15,0.0507460674809055,FALSE,0.0516705320051691,NA
"flatter_fecundity","full",0.75,16,0.0474682758127533,FALSE,0.0427685829855851,NA
"flatter_fecundity","full",0.75,17,0.0389637811882418,FALSE,0.0541565141794111,NA
"flatter_fecundity","full",0.75,18,0.0437141274938634,FALSE,0.0463907048345129,NA
"flatter_fecundity","full",0.75,19,0.0487949584033513,FALSE,0.047552360741468,NA
"flatter_fecundity","full",0.75,2,0.0586765402290851,FALSE,0.0449231573700361,NA
"flatter_fecundity","full",0.75,20,0.0482250171574515,FALSE,0.0489763207463828,NA
"flatter_fecundity","full",0.75,21,0.0384670269272759,FALSE,0.0469622526015748,NA
"flatter_fecundity","full",0.75,22,0.0689176625594526,FALSE,0.0572719329599819,NA
"flatter_fecundity","full",0.75,23,0.0504803573478684,FALSE,0.0469184431930214,NA
"flatter_fecundity","full",0.75,24,0.0251201620466192,FALSE,0.0472286544545893,NA
"flatter_fecundity","full",0.75,25,0.0563825495756012,FALSE,0.0574115830965816,NA
"flatter_fecundity","full",0.75,26,0.0503659523001804,FALSE,0.0522168258817029,NA
"flatter_fecundity","full",0.75,27,0.0407549250972385,FALSE,0.0538819966675778,NA
"flatter_fecundity","full",0.75,28,0.0401360592846344,FALSE,0.0541669793356412,NA
"flatter_fecundity","full",0.75,29,0.0500539609255666,FALSE,0.051878903772848,NA
"flatter_fecundity","full",0.75,3,0.0695814704112626,FALSE,0.0467219479182582,NA
"flatter_fecundity","full",0.75,30,0.0500013916235433,FALSE,0.0527846093382909,NA
"flatter_fecundity","full",0.75,4,0.0529110512388635,FALSE,0.0490218768540162,NA
"flatter_fecundity","full",0.75,5,0.0528098042669028,FALSE,0.0455287173128652,NA
"flatter_fecundity","full",0.75,6,0.0627086137325397,FALSE,0.0427472492201699,NA
"flatter_fecundity","full",0.75,7,0.0342914095857476,FALSE,0.0496653432717956,NA
"flatter_fecundity","full",0.75,8,0.0524234422981662,FALSE,0.0572323134463271,NA
"flatter_fecundity","full",0.75,9,0.0339719769880475,FALSE,0.051972635880857,NA
"flatter_fecundity","full",1,1,0.0824003990585036,FALSE,0.0551671360572036,NA
"flatter_fecundity","full",1,10,0.0420340485678767,FALSE,0.0457121089283216,NA
"flatter_fecundity","full",1,11,0.0557675855310083,FALSE,0.0502416842971591,NA
"flatter_fecundity","full",1,12,0.0399039441284635,FALSE,0.0497089451112354,NA
"flatter_fecundity","full",1,13,0.0692454127883468,FALSE,0.0509656506765938,NA
"flatter_fecundity","full",1,14,0.0495514797119739,FALSE,0.0464838320659362,NA
"flatter_fecundity","full",1,15,0.0720495159092729,FALSE,0.0517848455273107,NA
"flatter_fecundity","full",1,16,0.0529830290715336,FALSE,0.0453946041060674,NA
"flatter_fecundity","full",1,17,0.0679712783574229,FALSE,0.0567907580418737,NA
"flatter_fecundity","full",1,18,0.0652520703299142,FALSE,0.047760564659397,NA
"flatter_fecundity","full",1,19,0.0677350718677221,FALSE,0.056027828908598,NA
"flatter_fecundity","full",1,2,0.0757554354650408,FALSE,0.0557262775086774,NA
"flatter_fecundity","full",1,20,0.0771128249890034,FALSE,0.0522126534264921,NA
"flatter_fecundity","full",1,21,0.041096202278577,FALSE,0.0473864616283051,NA
"flatter_fecundity","full",1,22,0.0763061728928139,FALSE,0.0548656046623624,NA
"flatter_fecundity","full",1,23,0.0651492150907194,FALSE,0.0486644329874219,NA
"flatter_fecundity","full",1,24,0.0364835385010416,FALSE,0.0439290268033768,NA
"flatter_fecundity","full",1,25,0.0770783322245828,FALSE,0.0576598546393588,NA
"flatter_fecundity","full",1,26,0.0760200350155393,FALSE,0.0492092428293811,NA
"flatter_fecundity","full",1,27,0.0712709777005109,FALSE,0.057062369534749,NA
"flatter_fecundity","full",1,28,0.0777497854891285,FALSE,0.0543936302622949,NA
"flatter_fecundity","full",1,3,0.0512842457633026,FALSE,0.0502348051522399,NA
"flatter_fecundity","full",1,30,0.0707422584862604,FALSE,0.056079370266094,NA
"flatter_fecundity","full",1,4,0.0963568817704319,FALSE,0.0527599816088066,NA
"flatter_fecundity","full",1,5,0.0603705924230897,FALSE,0.0463387803409224,NA
"flatter_fecundity","full",1,6,0.0499950392686987,FALSE,0.0502948209298753,NA
"flatter_fecundity","full",1,7,0.0744432637999383,FALSE,0.0498803302797513,NA
"flatter_fecundity","full",1,8,0.071520449290281,FALSE,0.053137787554143,NA
"flatter_fecundity","full",1,9,0.0593496777279872,FALSE,0.0536091037982324,NA
"flatter_fecundity","full",1.5,1,0.135196652868577,FALSE,0.0706353909727001,NA
"flatter_fecundity","full",1.5,10,0.0850152815971456,FALSE,0.0567184483328936,NA
"flatter_fecundity","full",1.5,11,0.116720852233205,FALSE,0.0543202467275197,NA
"flatter_fecundity","full",1.5,12,0.115787735564753,FALSE,0.0604359988398364,NA
"flatter_fecundity","full",1.5,13,0.115942185735346,FALSE,0.0527022004704116,NA
"flatter_fecundity","full",1.5,14,0.104374352212558,FALSE,0.063110023884998,NA
"flatter_fecundity","full",1.5,15,0.129966244120992,FALSE,0.0639386293442766,NA
"flatter_fecundity","full",1.5,16,0.0933645734932836,FALSE,0.0475146205504861,NA
"flatter_fecundity","full",1.5,17,0.125385055084128,FALSE,0.0681658528284486,NA
"flatter_fecundity","full",1.5,18,0.106022309622474,FALSE,0.0600365489501243,NA
"flatter_fecundity","full",1.5,19,0.131579222036688,FALSE,0.0569572480324681,NA
"flatter_fecundity","full",1.5,2,0.113888125921847,FALSE,0.0626541204557075,NA
"flatter_fecundity","full",1.5,20,0.117087958673413,FALSE,0.0643560825867636,NA
"flatter_fecundity","full",1.5,21,0.0995424633844693,FALSE,0.0599495894927109,NA
"flatter_fecundity","full",1.5,22,0.120219173792896,FALSE,0.0571895283284466,NA
"flatter_fecundity","full",1.5,23,0.105762349964528,FALSE,0.0562823908559058,NA
"flatter_fecundity","full",1.5,24,0.127207065302875,FALSE,0.0642835791800099,NA
"flatter_fecundity","full",1.5,25,0.142541402306811,FALSE,0.0600168515309226,NA
"flatter_fecundity","full",1.5,26,0.101176775317449,FALSE,0.0584280135053634,NA
"flatter_fecundity","full",1.5,27,0.12236831463252,FALSE,0.0598900683744973,NA
"flatter_fecundity","full",1.5,28,0.168511419226426,FALSE,0.0593840843801974,NA
"flatter_fecundity","full",1.5,29,0.111483635359594,FALSE,0.0613973457628821,NA
"flatter_fecundity","full",1.5,3,0.0888698380084105,FALSE,0.0570410503268436,NA
"flatter_fecundity","full",1.5,30,0.118740735209928,FALSE,0.0620788954720992,NA
"flatter_fecundity","full",1.5,4,0.117783564002449,FALSE,0.057541704636119,NA
"flatter_fecundity","full",1.5,5,0.087045474012404,FALSE,0.0563570120519894,NA
"flatter_fecundity","full",1.5,6,0.134469028313813,FALSE,0.0627114176661546,NA
"flatter_fecundity","full",1.5,7,0.11763917820153,FALSE,0.0620300064731607,NA
"flatter_fecundity","full",1.5,8,0.123367955125501,FALSE,0.0643210667644731,NA
"flatter_fecundity","full",1.5,9,0.115552530895388,FALSE,0.0580976035743815,NA
"flatter_fecundity","none",NA,1,0.0158170172392911,TRUE,0.0993239004329931,NA
"flatter_fecundity","none",NA,10,0.0782756123591572,TRUE,0.123214408252087,NA
"flatter_fecundity","none",NA,11,0.0192216738288314,TRUE,0.113232222051216,NA
"flatter_fecundity","none",NA,12,0.0296894768191754,TRUE,0.0744821401325854,NA
"flatter_fecundity","none",NA,13,0.0518687108269021,TRUE,0.0964285246666269,NA
"flatter_fecundity","none",NA,14,0.111402149008068,TRUE,0.0741645235986896,NA
"flatter_fecundity","none",NA,15,0.056048421016252,TRUE,0.138204560682465,NA
"flatter_fecundity","none",NA,16,0.0856366308096426,TRUE,0.0603484708183265,NA
"flatter_fecundity","none",NA,17,0.00980578351293669,TRUE,0.0954164042407554,NA
"flatter_fecundity","none",NA,18,0.0491396400485877,TRUE,0.0999208208922661,NA
"flatter_fecundity","none",NA,19,0.0311958530597903,TRUE,0.11158370382633,NA
"flatter_fecundity","none",NA,2,0.0446174715893662,TRUE,0.0863912925705659,NA
"flatter_fecundity","none",NA,20,0.0818278987307617,TRUE,0.0699241087352189,NA
"flatter_fecundity","none",NA,21,0.0142753248443803,TRUE,0.0928468353834263,NA
"flatter_fecundity","none",NA,22,0.0808986426343576,FALSE,0.0880844577379243,NA
"flatter_fecundity","none",NA,23,0.0369611909623203,TRUE,0.111077749334184,NA
"flatter_fecundity","none",NA,24,0.0334075866028774,TRUE,0.0960127756978578,NA
"flatter_fecundity","none",NA,25,0.0445468154948644,TRUE,0.077556932160965,NA
"flatter_fecundity","none",NA,26,0.0165408580703909,TRUE,0.109942554038082,NA
"flatter_fecundity","none",NA,27,0.0039624027446621,TRUE,0.0913802935313399,NA
"flatter_fecundity","none",NA,28,0.0760740466658725,TRUE,0.110293039852778,NA
"flatter_fecundity","none",NA,29,0.0832019862556503,TRUE,0.0666518119448347,NA
"flatter_fecundity","none",NA,3,0.11761978899889,TRUE,0.0900371413204941,NA
"flatter_fecundity","none",NA,30,0.0535832798606673,TRUE,0.122336960689028,NA
"flatter_fecundity","none",NA,4,0.0564904698768943,TRUE,0.0777681553120913,NA
"flatter_fecundity","none",NA,5,0.0891356709412254,TRUE,0.0756923973666069,NA
"flatter_fecundity","none",NA,6,0.0437334927395177,TRUE,0.0715266410860895,NA
"flatter_fecundity","none",NA,7,0.055434719683163,TRUE,0.0684743687518281,NA
"flatter_fecundity","none",NA,8,0.03240246795321,TRUE,0.116717106235211,NA
"flatter_fecundity","none",NA,9,0.0166824900367794,TRUE,0.102884733910577,NA
"flatter_fecundity","robust",0,1,0.0173606703170391,TRUE,0.0506083463962073,0.993867596049703
"flatter_fecundity","robust",0,10,0.0189016643028802,TRUE,0.066324115358555,0.94896119640158
"flatter_fecundity","robust",0,11,0.0204153364037176,TRUE,0.0524362990269459,0.994934289118858
"flatter_fecundity","robust",0,12,0.0240411887309927,TRUE,0.0506721527767084,0.994769906359718
"flatter_fecundity","robust",0,13,0.0128104535826669,TRUE,0.061837816257296,0.99071889017849
"flatter_fecundity","robust",0,14,0.0208404316766904,TRUE,0.0529348117613974,0.96067102436783
"flatter_fecundity","robust",0,15,0.0410920953031468,TRUE,0.0560404959930556,0.990705719291354
"flatter_fecundity","robust",0,16,0.0268258536864725,TRUE,0.049618785139104,0.990591217118989
"flatter_fecundity","robust",0,17,0.00923350777780607,TRUE,0.0561128973351712,0.995178425450079
"flatter_fecundity","robust",0,18,0.0321915444362116,TRUE,0.0503056085703395,0.995075340125848
"flatter_fecundity","robust",0,19,0.00500448137082063,TRUE,0.0635746660977942,0.985412741830162
"flatter_fecundity","robust",0,2,0.00179213416138791,TRUE,0.0534285684877052,0.959736071084264
"flatter_fecundity","robust",0,20,0.0201083564396462,TRUE,0.0567208381355194,0.987663835611369
"flatter_fecundity","robust",0,21,0.0110951249001569,TRUE,0.0514405286354266,0.996158967584675
"flatter_fecundity","robust",0,22,0.0161093773230805,TRUE,0.076947861477367,0.938191984792115
"flatter_fecundity","robust",0,23,0.0160376621280856,TRUE,0.0520663176288754,0.996333487949972
"flatter_fecundity","robust",0,24,0.011643206275954,TRUE,0.047225424442445,0.983193695956151
"flatter_fecundity","robust",0,25,0.0292591904988104,TRUE,0.057141205033702,0.992651123325432
"flatter_fecundity","robust",0,26,0.00546613072899188,TRUE,0.0582939282007167,0.996286576338548
"flatter_fecundity","robust",0,27,0.0542322600499212,TRUE,0.0555440356077307,0.978188241220881
"flatter_fecundity","robust",0,28,0.0254509357129483,TRUE,0.057425670662681,0.991469938500514
"flatter_fecundity","robust",0,29,0.020933211973164,TRUE,0.0524928153297839,0.97922956709695
"flatter_fecundity","robust",0,3,0.0910521933862385,TRUE,0.0882326666151761,0.291993353329857
"flatter_fecundity","robust",0,30,0.0135904451534123,TRUE,0.0524069371356213,0.980270827508086
"flatter_fecundity","robust",0,4,0.0107995327516645,TRUE,0.0536728177019895,0.989691690619332
"flatter_fecundity","robust",0,5,0.0203278471018848,TRUE,0.0543660500250451,0.967778490802182
"flatter_fecundity","robust",0,6,0.0161470482759389,TRUE,0.0541463824417066,0.988329944759275
"flatter_fecundity","robust",0,7,0.0185183237652224,TRUE,0.0492327884190229,0.987716449502474
"flatter_fecundity","robust",0,8,0.00689938244531565,TRUE,0.0552871823520439,0.992162251073715
"flatter_fecundity","robust",0,9,0.00961475559117403,TRUE,0.0498602188977759,0.987695055390834
"flatter_fecundity","robust",0.25,1,0.04157536822198,TRUE,0.0603792572561347,0.975010959823394
"flatter_fecundity","robust",0.25,10,0.0352316705254615,TRUE,0.062998289930598,0.970348003458959
"flatter_fecundity","robust",0.25,11,0.0278585944734775,TRUE,0.0484772845794994,0.993558526139206
"flatter_fecundity","robust",0.25,12,0.0174519086372746,TRUE,0.0506562535866432,0.976691176055699
"flatter_fecundity","robust",0.25,13,0.0085802757776391,TRUE,0.0576824833291345,0.988647577086325
"flatter_fecundity","robust",0.25,14,0.0455768694150074,TRUE,0.0442249532544283,0.990018502870116
"flatter_fecundity","robust",0.25,15,0.0171114032599433,TRUE,0.101018160174425,0.936866316078862
"flatter_fecundity","robust",0.25,16,0.0392867217791387,TRUE,0.050156160666474,0.992910169759351
"flatter_fecundity","robust",0.25,17,0.0286122878431995,TRUE,0.0520349286714276,0.996625587081629
"flatter_fecundity","robust",0.25,18,0.0572648232399207,TRUE,0.0724086299348026,0.828883412629044
"flatter_fecundity","robust",0.25,19,0.0149426723426214,TRUE,0.0557353815062922,0.995441121603868
"flatter_fecundity","robust",0.25,2,0.0608567911671151,TRUE,0.047073762883009,0.996018380420756
"flatter_fecundity","robust",0.25,20,0.00910042291531159,TRUE,0.0545350604310728,0.988477301928525
"flatter_fecundity","robust",0.25,21,0.0201563506370339,TRUE,0.0782574179786826,0.904754969495905
"flatter_fecundity","robust",0.25,22,0.0413818259875382,FALSE,0.0542740101709801,0.994147730740939
"flatter_fecundity","robust",0.25,23,0.0163021290801633,TRUE,0.0507590170482983,0.996320133058188
"flatter_fecundity","robust",0.25,24,0.0299164411712509,TRUE,0.121748774124157,0.0457865800718567
"flatter_fecundity","robust",0.25,25,0.0190664369247068,TRUE,0.0516652481079352,0.993123098671198
"flatter_fecundity","robust",0.25,26,0.0172838754810976,TRUE,0.0967167090358027,0.416930895290124
"flatter_fecundity","robust",0.25,27,0.0111608279214178,TRUE,0.0497048196584512,0.996614806011933
"flatter_fecundity","robust",0.25,28,0.0356487508223863,FALSE,0.054823241704819,0.995295884935426
"flatter_fecundity","robust",0.25,29,0.0163690547042792,TRUE,0.0520130368995686,0.997720364568852
"flatter_fecundity","robust",0.25,3,0.065672902622399,TRUE,0.095509427500312,0.867483039107791
"flatter_fecundity","robust",0.25,30,0.0268512828464481,TRUE,0.0930316944118882,0.958858471784177
"flatter_fecundity","robust",0.25,4,0.023092637674336,FALSE,0.0530256562306083,0.982315278782065
"flatter_fecundity","robust",0.25,5,0.0306679922262897,TRUE,0.0789311625150109,0.658734176169884
"flatter_fecundity","robust",0.25,6,0.0501716495600963,TRUE,0.0549492076574424,0.969957888058229
"flatter_fecundity","robust",0.25,7,0.0104350114413803,TRUE,0.0485059820179709,0.96457834762115
"flatter_fecundity","robust",0.25,8,0.0385177491641996,TRUE,0.0504653493252759,0.996146495835898
"flatter_fecundity","robust",0.25,9,0.0200246282307102,TRUE,0.0510792960133999,0.987914159328932
"flatter_fecundity","robust",0.5,1,0.0253208017168697,TRUE,0.0940827652849772,0.922597297917219
"flatter_fecundity","robust",0.5,10,0.064029534861992,TRUE,0.143717550097035,0.13002644295212
"flatter_fecundity","robust",0.5,11,0.0566291431337606,FALSE,0.0509052495273228,0.98353020680292
"flatter_fecundity","robust",0.5,12,0.0333223852373755,TRUE,0.0851965234265082,0.852960123575184
"flatter_fecundity","robust",0.5,13,0.035493979341656,FALSE,0.0567887314954736,0.997009746921255
"flatter_fecundity","robust",0.5,14,0.0535773649035837,TRUE,0.0737567563569228,0.488054388094064
"flatter_fecundity","robust",0.5,15,0.0211668424806466,TRUE,0.146828518027947,0.608455183965499
"flatter_fecundity","robust",0.5,16,0.0606914370873424,FALSE,0.0472824399262724,0.971638930896684
"flatter_fecundity","robust",0.5,17,0.0341651328893662,FALSE,0.0612423188004781,0.977144254155941
"flatter_fecundity","robust",0.5,18,0.0197638876435969,TRUE,0.0515331939993369,0.958993287510729
"flatter_fecundity","robust",0.5,19,0.0282972313657265,FALSE,0.0545374086421427,0.99664328112259
"flatter_fecundity","robust",0.5,2,0.0229534868759427,TRUE,0.0877317863874989,0.66950697111812
"flatter_fecundity","robust",0.5,20,0.0595252557721908,FALSE,0.0482647854571246,0.995568106008152
"flatter_fecundity","robust",0.5,21,0.0126960068210955,TRUE,0.108675739788414,0.639424297811579
"flatter_fecundity","robust",0.5,22,0.0686513741796145,FALSE,0.0543281250946947,0.997096417056649
"flatter_fecundity","robust",0.5,23,0.0337095091180841,FALSE,0.0493664659004652,0.989846584444548
"flatter_fecundity","robust",0.5,24,0.00284481028253294,TRUE,0.0868371821719412,0.925658772189959
"flatter_fecundity","robust",0.5,25,0.0365700934868331,FALSE,0.0609025841967061,0.962066540106847
"flatter_fecundity","robust",0.5,26,0.0466577043890474,FALSE,0.0525352349390798,0.989935937689994
"flatter_fecundity","robust",0.5,27,0.0358183651625805,TRUE,0.0907980143173671,0.866281096358891
"flatter_fecundity","robust",0.5,28,0.0234023706940685,FALSE,0.0503845590887506,0.990192180402981
"flatter_fecundity","robust",0.5,29,0.0522245984182578,FALSE,0.0522612348480977,0.996611872773998
"flatter_fecundity","robust",0.5,3,0.0886195274374378,TRUE,0.1241135687248,0.415266978601897
"flatter_fecundity","robust",0.5,30,0.0349580318248838,TRUE,0.138502836092459,0.655643154831921
"flatter_fecundity","robust",0.5,4,0.0428877474830474,TRUE,0.104184220682948,0.330523589577481
"flatter_fecundity","robust",0.5,5,0.0145938324946876,TRUE,0.0610784244420256,0.905331482310453
"flatter_fecundity","robust",0.5,6,0.0384561810559937,TRUE,0.0702943087531616,0.837245239219587
"flatter_fecundity","robust",0.5,7,0.0469911821809868,TRUE,0.0781945307706487,0.823853776223964
"flatter_fecundity","robust",0.5,8,0.0491899003078247,TRUE,0.0964120966423469,0.894492140410392
"flatter_fecundity","robust",0.5,9,0.00414881230377603,TRUE,0.129000343344769,0.300690153358331
"flatter_fecundity","robust",0.75,1,0.00992005244149843,TRUE,0.139381502182822,0.345635536192752
"flatter_fecundity","robust",0.75,10,0.0766226026955923,TRUE,0.12911015070034,0.0101586618886544
"flatter_fecundity","robust",0.75,11,0.0265730634737226,TRUE,0.127531114480836,0.525364793057425
"flatter_fecundity","robust",0.75,12,0.0391539863368128,TRUE,0.0906638118233188,0.797423799775115
"flatter_fecundity","robust",0.75,13,0.0524426057104142,FALSE,0.0503929142939323,0.992375808246409
"flatter_fecundity","robust",0.75,14,0.113547978994781,TRUE,0.0732476528137118,0.00437623700551985
"flatter_fecundity","robust",0.75,15,0.0535706437002175,TRUE,0.160604094431297,0.128290106180909
"flatter_fecundity","robust",0.75,16,0.0512648900899838,FALSE,0.0705391395165003,0.778508524591009
"flatter_fecundity","robust",0.75,17,0.0362506484960112,TRUE,0.0874048831365759,0.900814289440005
"flatter_fecundity","robust",0.75,18,0.0469415627992174,TRUE,0.106191077158269,0.0797444981854685
"flatter_fecundity","robust",0.75,19,0.0493881062890786,FALSE,0.0491730913773178,0.994130472161302
"flatter_fecundity","robust",0.75,2,0.0575920024428046,TRUE,0.0707175398594994,0.932884433524834
"flatter_fecundity","robust",0.75,20,0.0455930426486335,FALSE,0.0831083857258171,0.731614570492567
"flatter_fecundity","robust",0.75,21,0.00887506288850546,TRUE,0.110382615405899,0.11685401512942
"flatter_fecundity","robust",0.75,22,0.0683389103242733,FALSE,0.0581081103609697,0.970051677222523
"flatter_fecundity","robust",0.75,23,0.0494063235166431,FALSE,0.0569873261092341,0.969241451183042
"flatter_fecundity","robust",0.75,24,0.0328689999113012,TRUE,0.113704777495709,0.0410806435836933
"flatter_fecundity","robust",0.75,25,0.0385982643607331,TRUE,0.104581858963371,0.693728259953513
"flatter_fecundity","robust",0.75,26,0.0496941239289146,FALSE,0.0558064021750924,0.979194072633628
"flatter_fecundity","robust",0.75,27,0.0337523720291527,TRUE,0.0881166685861309,0.872723142537236
"flatter_fecundity","robust",0.75,28,0.0406552764620746,FALSE,0.0511764061789253,0.993489258168924
"flatter_fecundity","robust",0.75,29,0.0494270720743271,FALSE,0.0559020321653187,0.987113909833428
"flatter_fecundity","robust",0.75,3,0.09652478096754,TRUE,0.126485863801007,0.306311122998222
"flatter_fecundity","robust",0.75,30,0.0515391590560484,TRUE,0.155777107264925,0.0591397225524698
"flatter_fecundity","robust",0.75,4,0.052420753053861,FALSE,0.0727804318176327,0.908392244540611
"flatter_fecundity","robust",0.75,5,0.0814699039304034,TRUE,0.101214174914622,0.15639570304989
"flatter_fecundity","robust",0.75,6,0.0516661844691679,TRUE,0.0824938724509166,0.394204548013873
"flatter_fecundity","robust",0.75,7,0.0335645550593235,TRUE,0.0846679783463445,0.707728772668488
"flatter_fecundity","robust",0.75,8,0.0255219936727758,TRUE,0.128590813000759,0.162862920845251
"flatter_fecundity","robust",0.75,9,0.0119711453256211,TRUE,0.119879370048353,0.531404069152674
"flatter_fecundity","robust",1,1,0.0148113509384092,TRUE,0.111523773348119,1.84552433985675e-05
"flatter_fecundity","robust",1,10,0.0750217993600999,TRUE,0.128123875106427,8.95241689695212e-05
"flatter_fecundity","robust",1,11,0.0235746728980788,TRUE,0.138176397639549,0.254879970444144
"flatter_fecundity","robust",1,12,0.0255248894100802,TRUE,0.104654258805599,0.530160746124697
"flatter_fecundity","robust",1,13,0.0648642237668168,FALSE,0.0938985350520297,0.87369247098271
"flatter_fecundity","robust",1,14,0.0908538144937255,TRUE,0.0893592540692955,0.235445025818252
"flatter_fecundity","robust",1,15,0.0570755744105111,TRUE,0.14046897612487,0.0108348388784268
"flatter_fecundity","robust",1,16,0.0815593819929592,TRUE,0.0813594204233504,0.0824485867927702
"flatter_fecundity","robust",1,17,0.0191288547202018,TRUE,0.142319136820544,0.220856178386131
"flatter_fecundity","robust",1,18,0.049239552704333,TRUE,0.0961223488687619,0.00177482274113732
"flatter_fecundity","robust",1,19,0.0551071049646339,FALSE,0.107762823648212,0.645274658798165
"flatter_fecundity","robust",1,2,0.0484598737297339,TRUE,0.0890848031019359,1.53402884371354e-05
"flatter_fecundity","robust",1,20,0.076726399896091,TRUE,0.0728780477748986,0.0110449435703812
"flatter_fecundity","robust",1,21,0.0107178631596209,TRUE,0.107210474069926,0.0398222400632888
"flatter_fecundity","robust",1,22,0.0758564345289286,FALSE,0.0574364834126044,0.97440044126427
"flatter_fecundity","robust",1,23,0.0334579095825499,TRUE,0.12522843021367,0.382208324881155
"flatter_fecundity","robust",1,24,0.033612608456571,TRUE,0.103904821729311,0.0073971681962417
"flatter_fecundity","robust",1,25,0.0439009693087401,TRUE,0.112160070290759,0.0472647624315769
"flatter_fecundity","robust",1,26,0.0161999894628493,TRUE,0.107130578956783,0.000379507541596901
"flatter_fecundity","robust",1,27,0.00462152650086895,TRUE,0.0893253450229939,0.000294266478270025
"flatter_fecundity","robust",1,28,0.0701617752483007,TRUE,0.133358579664095,0.113626835572957
"flatter_fecundity","robust",1,3,0.119015243400916,TRUE,0.0908885189813886,0.00875698506494953
"flatter_fecundity","robust",1,30,0.0533587282827523,TRUE,0.122854934886153,0.000422745032741597
"flatter_fecundity","robust",1,4,0.0600912002178708,TRUE,0.0748125298835917,1.43019978113544e-06
"flatter_fecundity","robust",1,5,0.0915802089915093,TRUE,0.0859521510182432,0.0171559077479677
"flatter_fecundity","robust",1,6,0.0408318798478743,TRUE,0.0933087113037331,0.218625119785698
"flatter_fecundity","robust",1,7,0.0566689073606048,TRUE,0.0864272543552709,0.0515538367725762
"flatter_fecundity","robust",1,8,0.0341064425836798,TRUE,0.143477725848579,0.126987708909471
"flatter_fecundity","robust",1,9,0.0185415449140552,TRUE,0.110072678861363,0.0111250803543001
"flatter_fecundity","robust",1.5,1,0.0174277798193506,TRUE,0.107201269062195,8.9696128332016e-10
"flatter_fecundity","robust",1.5,10,0.0767517374902117,TRUE,0.122036989010459,5.2189967359832e-11
"flatter_fecundity","robust",1.5,11,0.0173389242928823,TRUE,0.112084443751991,7.46136105432023e-11
"flatter_fecundity","robust",1.5,12,0.0319165714096481,TRUE,0.0807107831156134,3.17140351028455e-08
"flatter_fecundity","robust",1.5,13,0.0470594113885905,TRUE,0.101594662294504,6.63124663180668e-05
"flatter_fecundity","robust",1.5,14,0.112091123788865,TRUE,0.0730052584335835,3.00875443848336e-10
"flatter_fecundity","robust",1.5,15,0.0592961781002842,TRUE,0.1315744978339,2.77310425377246e-10
"flatter_fecundity","robust",1.5,16,0.0852509314706631,TRUE,0.0595305209475053,0.000535732827410995
"flatter_fecundity","robust",1.5,17,0.00908212356753219,TRUE,0.101376541496523,1.1217065815139e-06
"flatter_fecundity","robust",1.5,18,0.0480184051490413,TRUE,0.0924372094570492,8.58724610281352e-12
"flatter_fecundity","robust",1.5,19,0.0308371799862634,TRUE,0.101917391216348,9.45710569320979e-08
"flatter_fecundity","robust",1.5,2,0.0445232839681286,TRUE,0.0866819132763293,2.51050680017185e-10
"flatter_fecundity","robust",1.5,20,0.0793425962496317,TRUE,0.0714946257250406,1.64855191716603e-08
"flatter_fecundity","robust",1.5,21,0.0125782686166276,TRUE,0.096367667634003,1.92170488911075e-10
"flatter_fecundity","robust",1.5,22,0.0802323322091586,FALSE,0.0920582992404236,0.00158652307912322
"flatter_fecundity","robust",1.5,23,0.0373500446290566,TRUE,0.105758848425461,7.0605597743828e-07
"flatter_fecundity","robust",1.5,24,0.0343601546750441,TRUE,0.0967614005275468,6.18907267935718e-17
"flatter_fecundity","robust",1.5,25,0.0394240750060318,TRUE,0.0825430952145434,3.1707846063599e-10
"flatter_fecundity","robust",1.5,26,0.0162265995573345,TRUE,0.109141674465692,1.08140803990697e-05
"flatter_fecundity","robust",1.5,27,0.00400616023561462,TRUE,0.0947706646039113,3.56789629963364e-11
"flatter_fecundity","robust",1.5,28,0.0802043276595791,TRUE,0.109850284257506,1.75113784397423e-07
"flatter_fecundity","robust",1.5,29,0.0813479668673553,TRUE,0.0646672414936884,9.01518091327934e-07
"flatter_fecundity","robust",1.5,3,0.115526963833738,TRUE,0.0900399155373744,2.85347662423657e-09
"flatter_fecundity","robust",1.5,30,0.0514767967395547,TRUE,0.123007283276737,6.81571963534939e-09
"flatter_fecundity","robust",1.5,4,0.0580883969131609,TRUE,0.0721016444769845,7.33331917255678e-11
"flatter_fecundity","robust",1.5,5,0.0927643880693201,TRUE,0.0741181407805304,2.08813395795505e-08
"flatter_fecundity","robust",1.5,6,0.0449758068548432,TRUE,0.0734180178787816,1.6789863958498e-11
"flatter_fecundity","robust",1.5,7,0.0551279300075046,TRUE,0.0692936023191634,3.46808801752173e-11
"flatter_fecundity","robust",1.5,8,0.0312150445513647,TRUE,0.122589251099696,1.24661390491365e-08
"flatter_fecundity","robust",1.5,9,0.0192625674711236,TRUE,0.103394469892463,1.85777961902221e-10
"low_survival","full",0,1,0.100741695475168,TRUE,0.0743014663320493,NA
"low_survival","full",0,10,0.108888370431265,TRUE,0.071379508936426,NA
"low_survival","full",0,11,0.0519319693634396,TRUE,0.0794220196103017,NA
"low_survival","full",0,12,0.0812173831733237,TRUE,0.07267879434056,NA
"low_survival","full",0,13,0.0475385971893852,TRUE,0.0645502630376613,NA
"low_survival","full",0,14,0.0377731631878385,TRUE,0.0630472620178509,NA
"low_survival","full",0,15,0.0550633325993672,FALSE,0.0843086631186256,NA
"low_survival","full",0,16,0.051369675470381,TRUE,0.0721598451119715,NA
"low_survival","full",0,17,0.0210694501208015,TRUE,0.0726075841645772,NA
"low_survival","full",0,19,0.0460255025119245,TRUE,0.0645097678930696,NA
"low_survival","full",0,2,0.0790160925659396,FALSE,0.0941154752860897,NA
"low_survival","full",0,20,0.0843322003858146,TRUE,0.0820643191306929,NA
"low_survival","full",0,21,0.0350460810551452,TRUE,0.0650382291303054,NA
"low_survival","full",0,22,0.0526088090287275,TRUE,0.0719348743616974,NA
"low_survival","full",0,23,0.0153585957837713,TRUE,0.0701111044944552,NA
"low_survival","full",0,24,0.0878358199307751,TRUE,0.0742843807946093,NA
"low_survival","full",0,25,0.112872743468816,TRUE,0.0685431380946786,NA
"low_survival","full",0,26,0.07650098791705,TRUE,0.0654297867916297,NA
"low_survival","full",0,27,0.0450435368365571,TRUE,0.0694678447604935,NA
"low_survival","full",0,28,0.00936251251603242,TRUE,0.067366208873196,NA
"low_survival","full",0,29,0.0507848944376057,TRUE,0.0648460131127418,NA
"low_survival","full",0,3,0.121769353882412,TRUE,0.0728714492770428,NA
"low_survival","full",0,30,0.150027726399218,TRUE,0.0727095994724216,NA
"low_survival","full",0,4,0.00904023498203359,TRUE,0.0683899962762083,NA
"low_survival","full",0,5,0.0232053506654671,TRUE,0.0720771671484351,NA
"low_survival","full",0,6,0.0155404594099264,TRUE,0.0706147456260988,NA
"low_survival","full",0,7,0.146638982699583,TRUE,0.0727251912024916,NA
"low_survival","full",0,8,0.0869945495477244,TRUE,0.0745804326465853,NA
"low_survival","full",0,9,0.0653732735423731,TRUE,0.0699287827332131,NA
"low_survival","full",0.25,1,0.0247552296391883,FALSE,0.0777151011178525,NA
"low_survival","full",0.25,10,0.032669148937793,TRUE,0.079757068343817,NA
"low_survival","full",0.25,11,0.0409637753023675,TRUE,0.0832475854861822,NA
"low_survival","full",0.25,12,0.043315295898893,TRUE,0.0765001521973623,NA
"low_survival","full",0.25,13,0.0782454715827826,TRUE,0.0702164303256299,NA
"low_survival","full",0.25,14,0.105169873831099,TRUE,0.0665583055871872,NA
"low_survival","full",0.25,15,0.030596914786615,FALSE,0.0837925101547564,NA
"low_survival","full",0.25,16,0.035775429323533,TRUE,0.0763832560254664,NA
"low_survival","full",0.25,17,0.0389909814392201,TRUE,0.0722853246684158,NA
"low_survival","full",0.25,18,0.0615481069096998,FALSE,0.0780411246990505,NA
"low_survival","full",0.25,19,0.0268534631205044,TRUE,0.079343031313709,NA
"low_survival","full",0.25,2,0.0889775681608392,FALSE,0.097041363562156,NA
"low_survival","full",0.25,20,0.114504159850873,FALSE,0.0810713085655971,NA
"low_survival","full",0.25,21,0.0163184330838405,TRUE,0.0726569019682866,NA
"low_survival","full",0.25,22,0.131493232576274,FALSE,0.0795848841846641,NA
"low_survival","full",0.25,23,0.00234667416908541,TRUE,0.0688404466843964,NA
"low_survival","full",0.25,24,0.0375667483634887,FALSE,0.0791889797157974,NA
"low_survival","full",0.25,25,0.043508362017529,FALSE,0.0711673528916379,NA
"low_survival","full",0.25,26,0.0023498725926655,TRUE,0.0679122841269414,NA
"low_survival","full",0.25,27,0.119656355970521,FALSE,0.0786962267586068,NA
"low_survival","full",0.25,29,0.0242815762804225,TRUE,0.0708855812914436,NA
"low_survival","full",0.25,3,0.143091484038865,FALSE,0.0794712641158194,NA
"low_survival","full",0.25,30,0.133682018948221,FALSE,0.0829271304318508,NA
"low_survival","full",0.25,4,0.0320888639088399,TRUE,0.0662332432293991,NA
"low_survival","full",0.25,5,0.0376112983052827,TRUE,0.0647520608554791,NA
"low_survival","full",0.25,6,0.127717658103907,FALSE,0.0790111229231873,NA
"low_survival","full",0.25,7,0.12593611602697,FALSE,0.0755333903278216,NA
"low_survival","full",0.25,8,0.0354042042772842,FALSE,0.0778412572868315,NA
"low_survival","full",0.25,9,0.0681178711813393,TRUE,0.0800495534287851,NA
"low_survival","full",0.5,1,0.0957410050061859,FALSE,0.0794410664707266,NA
"low_survival","full",0.5,10,0.0523649670074031,FALSE,0.0761420669500233,NA
"low_survival","full",0.5,11,0.0761533430213206,FALSE,0.0795308445563918,NA
"low_survival","full",0.5,12,0.0597412019033409,TRUE,0.073580835547763,NA
"low_survival","full",0.5,13,0.0766229657083204,FALSE,0.0785958858371829,NA
"low_survival","full",0.5,14,0.126122741956826,FALSE,0.0762152056949014,NA
"low_survival","full",0.5,15,0.114056880719399,FALSE,0.0898587295242412,NA
"low_survival","full",0.5,16,0.16177936850453,FALSE,0.0758468440755589,NA
"low_survival","full",0.5,17,0.114326317206971,FALSE,0.0790846930575151,NA
"low_survival","full",0.5,18,0.0933862943218132,FALSE,0.0795689620152236,NA
"low_survival","full",0.5,19,0.0978341847117167,FALSE,0.0829782702944721,NA
"low_survival","full",0.5,2,0.0934048906920949,FALSE,0.10309764071728,NA
"low_survival","full",0.5,20,0.107505866799775,FALSE,0.0863104243598782,NA
"low_survival","full",0.5,21,0.114734238622145,FALSE,0.0764221750390499,NA
"low_survival","full",0.5,22,0.0493300649223898,FALSE,0.0780245549959476,NA
"low_survival","full",0.5,23,0.0665318974418455,FALSE,0.0818922330704445,NA
"low_survival","full",0.5,24,0.0699414333184241,FALSE,0.0812062185168296,NA
"low_survival","full",0.5,25,0.0431049185873124,FALSE,0.0768307266369061,NA
"low_survival","full",0.5,26,0.0688208685602859,TRUE,0.0775623474334899,NA
"low_survival","full",0.5,27,0.0277320709084823,FALSE,0.0812584442737253,NA
"low_survival","full",0.5,28,0.0388306110682662,FALSE,0.0720508654472852,NA
"low_survival","full",0.5,29,0.131978489473919,TRUE,0.0765087555135209,NA
"low_survival","full",0.5,3,0.0745313887105886,FALSE,0.0841401383474328,NA
"low_survival","full",0.5,30,0.19975266203808,FALSE,0.0868262920722842,NA
"low_survival","full",0.5,4,0.0275189720786026,TRUE,0.0635998690226152,NA
"low_survival","full",0.5,5,0.0306069890500685,FALSE,0.072439791922029,NA
"low_survival","full",0.5,6,0.0786667677901446,FALSE,0.0825799295504789,NA
"low_survival","full",0.5,7,0.167643819759088,FALSE,0.0770094620851564,NA
"low_survival","full",0.5,8,0.0603877343170248,TRUE,0.0723097741293309,NA
"low_survival","full",0.5,9,0.116845542347228,FALSE,0.0804202806439643,NA
"low_survival","full",0.75,1,0.0545659031411188,FALSE,0.0815693075103185,NA
"low_survival","full",0.75,10,0.0645488327619084,FALSE,0.0791244765083304,NA
"low_survival","full",0.75,11,0.142179916744466,FALSE,0.0849845682429181,NA
"low_survival","full",0.75,12,0.0785196798247918,FALSE,0.0855833852017209,NA
"low_survival","full",0.75,13,0.123124204402228,FALSE,0.0818746625374242,NA
"low_survival","full",0.75,14,0.122552179985954,FALSE,0.0763446929533621,NA
"low_survival","full",0.75,15,0.10161802346672,FALSE,0.0887030519787522,NA
"low_survival","full",0.75,16,0.0496545114645459,FALSE,0.0818197067160647,NA
"low_survival","full",0.75,17,0.159378217309469,FALSE,0.0896333903381558,NA
"low_survival","full",0.75,18,0.117027872513311,FALSE,0.0859731835231018,NA
"low_survival","full",0.75,19,0.0843929400093577,FALSE,0.0796935547569888,NA
"low_survival","full",0.75,2,0.0954941774679523,FALSE,0.105717122200808,NA
"low_survival","full",0.75,20,0.093373853431441,FALSE,0.0854725494809365,NA
"low_survival","full",0.75,21,0.0454930965609701,FALSE,0.0696856397989573,NA
"low_survival","full",0.75,22,0.0444104712735161,FALSE,0.0749910059199481,NA
"low_survival","full",0.75,23,0.0780679242294874,FALSE,0.0824422531673649,NA
"low_survival","full",0.75,24,0.100650036002633,FALSE,0.0886804287600592,NA
"low_survival","full",0.75,25,0.0756073715281016,FALSE,0.0745955406200753,NA
"low_survival","full",0.75,26,0.0313883999595177,FALSE,0.0761149636812734,NA
"low_survival","full",0.75,27,0.0584063952142763,FALSE,0.0816857700373787,NA
"low_survival","full",0.75,28,0.0555849206477134,FALSE,0.0738177381058877,NA
"low_survival","full",0.75,29,0.163123558111372,FALSE,0.0777421343392802,NA
"low_survival","full",0.75,3,0.114466811550235,FALSE,0.0764734259483409,NA
"low_survival","full",0.75,30,0.115472613677165,FALSE,0.0791403800166775,NA
"low_survival","full",0.75,4,0.0770495589984228,FALSE,0.0832923168272561,NA
"low_survival","full",0.75,5,0.0798454168952039,FALSE,0.0798250886637881,NA
"low_survival","full",0.75,6,0.0852238135856139,FALSE,0.0821214146579114,NA
"low_survival","full",0.75,7,0.118246519325957,FALSE,0.0757004170654708,NA
"low_survival","full",0.75,8,0.0586077879758918,FALSE,0.0815002572599098,NA
"low_survival","full",0.75,9,0.097807653064577,FALSE,0.0909439151803867,NA
"low_survival","full",1,1,0.101803879581271,FALSE,0.0846835718240025,NA
"low_survival","full",1,10,0.0849529495204488,FALSE,0.0820222578858318,NA
"low_survival","full",1,11,0.0681918698662075,FALSE,0.0875390652847275,NA
"low_survival","full",1,12,0.0671957244645896,FALSE,0.0809272594919688,NA
"low_survival","full",1,13,0.100585269532345,FALSE,0.081895366894236,NA
"low_survival","full",1,14,0.175254253612442,FALSE,0.0853493845333023,NA
"low_survival","full",1,15,0.0892783758575065,FALSE,0.0923848225002474,NA
"low_survival","full",1,16,0.102487868489072,FALSE,0.090553020834661,NA
"low_survival","full",1,17,0.100906166170029,FALSE,0.0889442978687798,NA
"low_survival","full",1,18,0.100800235016451,FALSE,0.0902963280977749,NA
"low_survival","full",1,19,0.109016344563198,FALSE,0.0856410778115411,NA
"low_survival","full",1,2,0.105861580585959,FALSE,0.105863597635413,NA
"low_survival","full",1,20,0.0959044668654961,FALSE,0.0927844063646616,NA
"low_survival","full",1,21,0.0671331556440256,FALSE,0.075989955644052,NA
"low_survival","full",1,22,0.0868279876391149,FALSE,0.0861187917842992,NA
"low_survival","full",1,23,0.0732531976815412,FALSE,0.0848145300723573,NA
"low_survival","full",1,24,0.0940267764719342,FALSE,0.0917830040727591,NA
"low_survival","full",1,25,0.127626375162581,FALSE,0.0859343841745405,NA
"low_survival","full",1,26,0.0762825310638152,FALSE,0.0868663193216014,NA
"low_survival","full",1,27,0.0630214638163569,FALSE,0.0896634563750442,NA
"low_survival","full",1,28,0.0668477522826677,FALSE,0.0851013446060069,NA
"low_survival","full",1,29,0.119286462373899,FALSE,0.0857305015162051,NA
"low_survival","full",1,3,0.104927364357149,FALSE,0.0875051310344749,NA
"low_survival","full",1,30,0.121510452762494,FALSE,0.0916432409526282,NA
"low_survival","full",1,4,0.13791741394348,FALSE,0.0853110562662467,NA
"low_survival","full",1,5,0.115740448786184,FALSE,0.0880944349888299,NA
"low_survival","full",1,6,0.138466822826792,FALSE,0.0870259122072979,NA
"low_survival","full",1,7,0.0888037551604029,FALSE,0.0804179745209315,NA
"low_survival","full",1,8,0.125372198435195,FALSE,0.0835361420518646,NA
"low_survival","full",1,9,0.103220010790336,FALSE,0.102579810243999,NA
"low_survival","full",1.5,1,0.105399528463377,FALSE,0.087619576033316,NA
"low_survival","full",1.5,10,0.124368572714119,FALSE,0.0879348151021427,NA
"low_survival","full",1.5,11,0.173332920258138,FALSE,0.0962262781994501,NA
"low_survival","full",1.5,12,0.125774830622221,FALSE,0.0789875422399002,NA
"low_survival","full",1.5,13,0.115840451641171,FALSE,0.0874702056317811,NA
"low_survival","full",1.5,14,0.247264852432462,FALSE,0.0984629434661735,NA
"low_survival","full",1.5,15,0.136144652206883,FALSE,0.0976167082551339,NA
"low_survival","full",1.5,16,0.158357338274704,FALSE,0.0900844232996355,NA
"low_survival","full",1.5,17,0.163793074319954,FALSE,0.0924103227575704,NA
"low_survival","full",1.5,18,0.123545052837407,FALSE,0.0913313098234031,NA
"low_survival","full",1.5,19,0.131804006399969,FALSE,0.0903804356756997,NA
"low_survival","full",1.5,2,0.172358474186478,FALSE,0.111531541633002,NA
"low_survival","full",1.5,20,0.13556079649708,FALSE,0.0972916791315777,NA
"low_survival","full",1.5,21,0.13306991906696,FALSE,0.0932805413208769,NA
"low_survival","full",1.5,22,0.130359924765346,FALSE,0.0956183112928355,NA
"low_survival","full",1.5,23,0.151671312700151,FALSE,0.0985071149575175,NA
"low_survival","full",1.5,24,0.130654104704525,FALSE,0.101595959221206,NA
"low_survival","full",1.5,25,0.142744913508768,FALSE,0.0902076283246235,NA
"low_survival","full",1.5,26,0.150041459628651,FALSE,0.094282182906458,NA
"low_survival","full",1.5,27,0.121184961726264,FALSE,0.0897636846910965,NA
"low_survival","full",1.5,28,0.107973475464384,FALSE,0.0881167522530896,NA
"low_survival","full",1.5,29,0.205984542226966,FALSE,0.0924342028898157,NA
"low_survival","full",1.5,3,0.151604890537586,FALSE,0.0932031409600154,NA
"low_survival","full",1.5,30,0.223243506686786,FALSE,0.0959873692030106,NA
"low_survival","full",1.5,4,0.11554995067659,FALSE,0.0883537271226168,NA
"low_survival","full",1.5,5,0.15492572011218,FALSE,0.102205103107386,NA
"low_survival","full",1.5,6,0.248407313402863,FALSE,0.093068171490227,NA
"low_survival","full",1.5,7,0.138006209590267,FALSE,0.0857563439314616,NA
"low_survival","full",1.5,8,0.13140446588957,FALSE,0.092758877277992,NA
"low_survival","full",1.5,9,0.14572394208813,FALSE,0.110078135062281,NA
"low_survival","none",NA,1,0.0779666646824959,FALSE,0.225766847339953,NA
"low_survival","none",NA,10,0.192990177151294,FALSE,0.195684220679889,NA
"low_survival","none",NA,11,0.168655046291213,FALSE,0.246169938269246,NA
"low_survival","none",NA,12,0.0682210283551517,TRUE,0.229814382942235,NA
"low_survival","none",NA,13,0.0836574341935523,TRUE,0.305248686331946,NA
"low_survival","none",NA,14,0.126389610408863,TRUE,0.246991993909956,NA
"low_survival","none",NA,15,0.220504337632087,FALSE,0.283623804213627,NA
"low_survival","none",NA,16,0.316521635531309,FALSE,0.367802398090908,NA
"low_survival","none",NA,17,0.248543539125641,FALSE,0.303706838782642,NA
"low_survival","none",NA,18,0.427907207850035,FALSE,0.225118703080061,NA
"low_survival","none",NA,19,0.0746356129863207,FALSE,0.255456845050104,NA
"low_survival","none",NA,2,0.987420527539766,TRUE,0.303437468199428,NA
"low_survival","none",NA,20,0.204845252134039,FALSE,0.251584284550373,NA
"low_survival","none",NA,21,0.0304094568222303,TRUE,0.173729675466966,NA
"low_survival","none",NA,22,0.0570025867507944,TRUE,0.292139332952407,NA
"low_survival","none",NA,23,0.0462398763859936,TRUE,0.304658896826249,NA
"low_survival","none",NA,24,1.02863170187474,TRUE,0.299318090605105,NA
"low_survival","none",NA,25,0.57186274574558,FALSE,0.0759656158194662,NA
"low_survival","none",NA,26,0.12013140203439,TRUE,0.289438461549559,NA
"low_survival","none",NA,27,0.146221138667025,TRUE,0.56818995616491,NA
"low_survival","none",NA,28,0.134541202690138,TRUE,0.208719802691545,NA
"low_survival","none",NA,29,0.298049480443692,FALSE,0.275049424703154,NA
"low_survival","none",NA,3,0.190766972385254,TRUE,0.258320896488179,NA
"low_survival","none",NA,30,0.387545236937107,FALSE,0.41501908410494,NA
"low_survival","none",NA,4,0.136760816029077,TRUE,0.157809810595751,NA
"low_survival","none",NA,5,0.0173612298755801,TRUE,0.212126038403166,NA
"low_survival","none",NA,6,0.160582581085089,FALSE,0.239534377677085,NA
"low_survival","none",NA,7,0.209060376836297,FALSE,0.17169320607803,NA
"low_survival","none",NA,8,0.140731853426338,TRUE,0.299478191312271,NA
"low_survival","none",NA,9,0.487271024340663,FALSE,0.153194635625821,NA
"low_survival","robust",0,1,0.0683081226427242,FALSE,0.230785080846907,0.0338511924463124
"low_survival","robust",0,10,0.116218889340325,TRUE,0.167524752720052,0.93639137728987
"low_survival","robust",0,11,0.108526973285709,TRUE,0.349172401476377,0.431312413288161
"low_survival","robust",0,12,0.0856757518430903,TRUE,0.0707614017552967,0.994957591041257
"low_survival","robust",0,13,0.0490818921769298,TRUE,0.0643207559288593,0.99454501517406
"low_survival","robust",0,14,0.0176281897950132,TRUE,0.170342850341499,0.868030680985808
"low_survival","robust",0,15,0.101104666476152,FALSE,0.437794264093252,0.603799192355116
"low_survival","robust",0,16,0.0751691619154284,TRUE,0.233600875591983,0.929755293725943
"low_survival","robust",0,17,0.078690388205116,TRUE,0.359065340323504,0.64781066982175
"low_survival","robust",0,19,0.0388724543376192,TRUE,0.292980632899305,0.560885000723261
"low_survival","robust",0,2,0.987961719123528,TRUE,0.303022353422351,1.48474942229548e-18
"low_survival","robust",0,20,0.205135788744822,FALSE,0.246682647720216,2.00514272392791e-05
"low_survival","robust",0,21,0.0337974141398576,TRUE,0.0684016740985811,0.999788483412388
"low_survival","robust",0,22,0.0514262576953938,TRUE,0.0772520897405885,0.988141794392479
"low_survival","robust",0,23,0.0156560673734744,TRUE,0.0691481767167042,0.994497823884927
"low_survival","robust",0,24,1.0286360323499,TRUE,0.29957046865656,5.02966020355909e-05
"low_survival","robust",0,25,0.555585025386364,FALSE,0.142812133895661,0.0192862140495478
"low_survival","robust",0,26,0.0739265716004412,TRUE,0.0662160902025613,0.989765039626317
"low_survival","robust",0,27,0.0288064781724163,TRUE,0.23531762608426,0.865525392969956
"low_survival","robust",0,28,0.0160955142270388,TRUE,0.0649686960998788,0.98462745374998
"low_survival","robust",0,29,0.0966974608584241,TRUE,0.240267691930854,0.809468119457659
"low_survival","robust",0,3,0.125174028279055,TRUE,0.0909882694713717,0.936436664171959
"low_survival","robust",0,30,0.384462275412475,FALSE,0.551358845865944,0.0276636121235947
"low_survival","robust",0,4,0.0396826763993789,TRUE,0.165418912568659,0.670379186438556
"low_survival","robust",0,5,0.0232813438708132,TRUE,0.0681855148491637,0.999906844061996
"low_survival","robust",0,6,0.0235961915670935,TRUE,0.159043445297593,0.930833655293073
"low_survival","robust",0,7,0.208559382842825,FALSE,0.187192851291224,0.0251334864800166
"low_survival","robust",0,8,0.0845656323896901,TRUE,0.0714853021524468,0.990370936732331
"low_survival","robust",0,9,0.489128030069268,FALSE,0.148855532334606,5.97848870817475e-05
"low_survival","robust",0.25,1,0.0256614648446367,FALSE,0.0796201855511429,0.987718885407505
"low_survival","robust",0.25,10,0.0487281770388724,FALSE,0.15092115351336,0.888041952734182
"low_survival","robust",0.25,11,0.0552874723128647,FALSE,0.244153376954829,0.874265267491239
"low_survival","robust",0.25,12,0.0422610250372913,TRUE,0.07707565483835,0.9936854273497
"low_survival","robust",0.25,13,0.0745277995038327,TRUE,0.071250475933632,0.995200808946896
"low_survival","robust",0.25,14,0.0917474251304202,TRUE,0.1769882742143,0.933669946847581
"low_survival","robust",0.25,15,0.0964766674797975,FALSE,0.394520670896466,0.609001749956927
"low_survival","robust",0.25,16,0.055299401545906,TRUE,0.288112407991307,0.764788348207462
"low_survival","robust",0.25,17,0.0633589531070338,TRUE,0.268975131467832,0.884862435338084
"low_survival","robust",0.25,18,0.377132158577342,FALSE,0.322512063012143,0.106242339973759
"low_survival","robust",0.25,19,0.0270954402440841,TRUE,0.0813984366804269,0.990793501968765
"low_survival","robust",0.25,2,0.986650526377214,TRUE,0.309204951575633,1.44747472985038e-17
"low_survival","robust",0.25,20,0.183351576570441,FALSE,0.417367963581079,0.162162789221863
"low_survival","robust",0.25,21,0.0162614864027158,TRUE,0.0660380377072281,0.997327588009497
"low_survival","robust",0.25,22,0.13256555204435,FALSE,0.0829777746676688,0.987015303482728
"low_survival","robust",0.25,23,0.00126163200144875,TRUE,0.0736724622848237,0.992081587356725
"low_survival","robust",0.25,24,1.03033160367789,TRUE,0.271576780224414,7.97889852355105e-07
"low_survival","robust",0.25,25,0.565042052347934,FALSE,0.0748631491623758,0.00909697440546299
"low_survival","robust",0.25,26,0.00293484386008327,TRUE,0.0689999530914447,0.990342661857099
"low_survival","robust",0.25,27,0.117394686677811,FALSE,0.0784605351336151,0.991217646210162
"low_survival","robust",0.25,29,0.116230158508113,TRUE,0.236930231435319,0.661832153639035
"low_survival","robust",0.25,3,0.142019049427985,FALSE,0.0780287647768387,0.995250139496736
"low_survival","robust",0.25,30,0.368015103415148,FALSE,0.499237941027498,0.0776515693683675
"low_survival","robust",0.25,4,0.0642948169856,TRUE,0.158840915568395,0.668881981030769
"low_survival","robust",0.25,5,0.0380996569488428,TRUE,0.0645560701104166,0.999906674886348
"low_survival","robust",0.25,6,0.126999887638455,FALSE,0.0848193910757134,0.979000895471369
"low_survival","robust",0.25,7,0.129031731703064,FALSE,0.109322548579872,0.902882055549714
"low_survival","robust",0.25,8,0.0308890450478188,FALSE,0.0862387173247377,0.960723529554223
"low_survival","robust",0.25,9,0.486687922163706,FALSE,0.156171645067788,0.000182821912898836
"low_survival","robust",0.5,1,0.0961359304984878,FALSE,0.080248835068899,0.995899924741889
"low_survival","robust",0.5,10,0.0608602388185206,FALSE,0.138604533205532,0.932347552161358
"low_survival","robust",0.5,11,0.0604481417078367,FALSE,0.250787030581939,0.779077024318805
"low_survival","robust",0.5,12,0.0552185207259226,TRUE,0.0770432667850677,0.995833584948256
"low_survival","robust",0.5,13,0.0778758425451284,FALSE,0.0779545796271221,0.99396994207359
"low_survival","robust",0.5,14,0.0299387091229612,TRUE,0.268162871906973,0.636760151614509
"low_survival","robust",0.5,15,0.105093477351113,FALSE,0.33208515332014,0.884116752552792
"low_survival","robust",0.5,16,0.166572449118157,FALSE,0.0813398197077927,0.984043109003996
"low_survival","robust",0.5,17,0.113255077221874,FALSE,0.09060215968408,0.981526548491385
"low_survival","robust",0.5,18,0.420347447129588,FALSE,0.246751926341755,0.00479528358287432
"low_survival","robust",0.5,19,0.0990845564502136,FALSE,0.0769390601830605,0.979853109942296
"low_survival","robust",0.5,2,0.988020797284772,TRUE,0.320877810970273,1.80349195058839e-16
"low_survival","robust",0.5,20,0.147598453108955,FALSE,0.34323425423922,0.494195039037101
"low_survival","robust",0.5,21,0.112508771250561,FALSE,0.0777167419163825,0.995397444244816
"low_survival","robust",0.5,22,0.0494757597463732,FALSE,0.0834420759991464,0.996208263016388
"low_survival","robust",0.5,23,0.0664610006766316,FALSE,0.0824683942195137,0.995490502986849
"low_survival","robust",0.5,24,1.02781134183789,TRUE,0.318958751767462,8.06196278814574e-06
"low_survival","robust",0.5,25,0.565362976646092,FALSE,0.08891586109567,0.00672237317293163
"low_survival","robust",0.5,26,0.0610372871359898,TRUE,0.0816138766864654,0.982463579551313
"low_survival","robust",0.5,27,0.028005332242275,FALSE,0.0827565279553763,0.970964733915568
"low_survival","robust",0.5,28,0.0379395897162597,TRUE,0.0945320067589778,0.960343892598281
"low_survival","robust",0.5,29,0.198763976877219,TRUE,0.246904873815986,0.562263647936182
"low_survival","robust",0.5,3,0.132110065090633,TRUE,0.225059546951697,0.258738475587904
"low_survival","robust",0.5,30,0.290434410512605,FALSE,0.48040858872131,0.508385317309108
"low_survival","robust",0.5,4,0.023080379118152,TRUE,0.159766733601629,0.705333056067384
"low_survival","robust",0.5,5,0.0308555630195201,FALSE,0.0756377228980908,0.999867385292508
"low_survival","robust",0.5,6,0.0796920111897744,FALSE,0.0821773668442922,0.993641386397645
"low_survival","robust",0.5,7,0.171285261612776,FALSE,0.125907172250749,0.891024072638329
"low_survival","robust",0.5,8,0.0608806926255794,TRUE,0.0708857149844101,0.986534246856811
"low_survival","robust",0.5,9,0.490737518303889,FALSE,0.158514423258345,0.00199062322048722
"low_survival","robust",0.75,1,0.0529413411965712,FALSE,0.0849399402612653,0.994890125262474
"low_survival","robust",0.75,10,0.0656616245285119,FALSE,0.086727764892993,0.9739239677467
"low_survival","robust",0.75,11,0.142659014030984,FALSE,0.0884511084492539,0.991494263492936
"low_survival","robust",0.75,12,0.0778098431135004,FALSE,0.0891243671561604,0.995771776954488
"low_survival","robust",0.75,13,0.121467194671173,FALSE,0.0898802902589314,0.985694110314685
"low_survival","robust",0.75,14,0.0723608223992187,TRUE,0.24816194841706,0.809513252781753
"low_survival","robust",0.75,15,0.0987926518997752,FALSE,0.279024548931441,0.929602831461642
"low_survival","robust",0.75,16,0.0606742668412517,FALSE,0.122586601655701,0.941697154148259
"low_survival","robust",0.75,17,0.157780285183907,FALSE,0.0921020743657203,0.994331953333466
"low_survival","robust",0.75,18,0.410260563699139,FALSE,0.24148156350785,0.0259275734692847
"low_survival","robust",0.75,19,0.0842405689539775,FALSE,0.0844480281901542,0.994425395236435
"low_survival","robust",0.75,2,0.988565432535483,TRUE,0.318508798943065,3.28429313586996e-16
"low_survival","robust",0.75,20,0.186699073602408,FALSE,0.374025403418769,0.137632029229491
"low_survival","robust",0.75,21,0.0468672688360812,FALSE,0.0690570793003674,0.999618817190716
"low_survival","robust",0.75,22,0.042367812294238,FALSE,0.0801173941863344,0.995084891962337
"low_survival","robust",0.75,23,0.0776668825109781,FALSE,0.0861416629348696,0.995066825477485
"low_survival","robust",0.75,24,1.02821826811475,TRUE,0.300013048820904,0.000941940472219683
"low_survival","robust",0.75,25,0.56522535557027,FALSE,0.081581310444305,0.00381758175385663
"low_survival","robust",0.75,26,0.0301301964448001,FALSE,0.0796859916792653,0.984614263964805
"low_survival","robust",0.75,27,0.0576420988050182,FALSE,0.0878271977966493,0.984793848549132
"low_survival","robust",0.75,28,0.0435572664247954,TRUE,0.199134610445202,0.915049892665545
"low_survival","robust",0.75,29,0.16270043491797,FALSE,0.0838030056192148,0.991383807845951
"low_survival","robust",0.75,3,0.115189518024546,FALSE,0.0770428212997862,0.991716790769437
"low_survival","robust",0.75,30,0.371552167947045,FALSE,0.500895970915123,0.0430679010555017
"low_survival","robust",0.75,4,0.11477844919269,TRUE,0.256053401677669,0.0802286042155643
"low_survival","robust",0.75,5,0.0820680669018008,FALSE,0.0805650680271363,0.988659704331065
"low_survival","robust",0.75,6,0.0840775378354746,FALSE,0.0798978671502369,0.994686933578004
"low_survival","robust",0.75,7,0.121975218101479,FALSE,0.0776672470416937,0.977078252493463
"low_survival","robust",0.75,8,0.0582804128148431,FALSE,0.0956966259004899,0.982165851263764
"low_survival","robust",0.75,9,0.486238585069157,FALSE,0.156592625802283,0.00203553426305566
"low_survival","robust",1,1,0.0990830061490227,FALSE,0.0882738012513321,0.993411672544327
"low_survival","robust",1,10,0.0851553269449779,FALSE,0.0837077262645324,0.968841617964668
"low_survival","robust",1,11,0.0682690408023774,FALSE,0.086867222878989,0.982698835445888
"low_survival","robust",1,12,0.0690457563051257,FALSE,0.0848165969128226,0.986825948601556
"low_survival","robust",1,13,0.102909741203224,FALSE,0.0826811074228643,0.990007446482017
"low_survival","robust",1,14,0.0119981182961389,TRUE,0.324014440367294,0.462976345720451
"low_survival","robust",1,15,0.0890389884723373,FALSE,0.22554161550183,0.935982742349552
"low_survival","robust",1,16,0.107370415102277,FALSE,0.10096226059161,0.964693725777471
"low_survival","robust",1,17,0.104277729812892,FALSE,0.095186919821537,0.988066063114178
"low_survival","robust",1,18,0.425876371299109,FALSE,0.243257455369681,0.0145115473986511
"low_survival","robust",1,19,0.107804028592027,FALSE,0.087626352232599,0.993776416797373
"low_survival","robust",1,2,0.988222394380683,TRUE,0.288270365929738,5.06090420933369e-16
"low_survival","robust",1,20,0.0957209298116061,FALSE,0.0905644105930525,0.998018737995779
"low_survival","robust",1,21,0.0681175493694328,FALSE,0.0776916980716675,0.99850812909192
"low_survival","robust",1,22,0.0843923850189301,FALSE,0.0848705174506064,0.9953528627309
"low_survival","robust",1,23,0.0735828676381312,FALSE,0.0848883030412873,0.993722667452103
"low_survival","robust",1,24,1.02984456911,TRUE,0.278472062199873,1.2473967128131e-05
"low_survival","robust",1,25,0.562249064007788,FALSE,0.0768525754010689,0.000537260942834209
"low_survival","robust",1,26,0.0733780092818425,TRUE,0.174625223836252,0.968405606435293
"low_survival","robust",1,27,0.0630239235728175,FALSE,0.0967099175527607,0.971870569539398
"low_survival","robust",1,28,0.0558872245896444,TRUE,0.257888809843253,0.732949635951598
"low_survival","robust",1,29,0.126150402872115,FALSE,0.0916494907984342,0.935308744907603
"low_survival","robust",1,3,0.106820114039332,FALSE,0.0800973009662704,0.990343889629622
"low_survival","robust",1,30,0.356776958496964,FALSE,0.437125715409594,0.150396495318039
"low_survival","robust",1,4,0.123918331323233,TRUE,0.259416548055442,0.0541560060731318
"low_survival","robust",1,5,0.115254713311885,FALSE,0.0904462036555967,0.998398507775763
"low_survival","robust",1,6,0.137994196451617,FALSE,0.0849451772449163,0.997668131305314
"low_survival","robust",1,7,0.0996821782002423,FALSE,0.132427795450475,0.705738423095814
"low_survival","robust",1,8,0.124377702329755,FALSE,0.0876223627593224,0.990870183883184
"low_survival","robust",1,9,0.488073573221876,FALSE,0.153991882236744,0.00533956648217205
"low_survival","robust",1.5,1,0.104521106266826,FALSE,0.0884103331293909,0.994874679440105
"low_survival","robust",1.5,10,0.125922295717476,FALSE,0.185496944974674,0.823648448579751
"low_survival","robust",1.5,11,0.177132744612721,FALSE,0.0959384492600393,0.997455357975955
"low_survival","robust",1.5,12,0.126177064194601,FALSE,0.0851442890619477,0.99277442183975
"low_survival","robust",1.5,13,0.107937827034345,TRUE,0.273372156899995,0.901701239379033
"low_survival","robust",1.5,14,0.0802471263646249,TRUE,0.414086820477729,0.154936552572043
"low_survival","robust",1.5,15,0.135521211067458,FALSE,0.100105711532911,0.988787387495391
"low_survival","robust",1.5,16,0.161033127160183,FALSE,0.0958171194621906,0.989254425344323
"low_survival","robust",1.5,17,0.166497520265483,FALSE,0.0939397348834559,0.995892810939493
"low_survival","robust",1.5,18,0.184392111348627,FALSE,0.193819090714123,0.742237263022331
"low_survival","robust",1.5,19,0.131166988425229,FALSE,0.0971012711627541,0.989595904830537
"low_survival","robust",1.5,2,0.987461772583152,TRUE,0.304957282306222,9.57622873396184e-14
"low_survival","robust",1.5,20,0.134390845491383,FALSE,0.0973625631834437,0.999822518077977
"low_survival","robust",1.5,21,0.0838540054408011,TRUE,0.275321346180012,0.626849394559893
"low_survival","robust",1.5,22,0.127440429762759,FALSE,0.0896630037327226,0.98926712874112
"low_survival","robust",1.5,23,0.147079439208843,FALSE,0.166600513752107,0.962503436259267
"low_survival","robust",1.5,24,1.02618653324298,TRUE,0.292440393970916,0.000892988246608197
"low_survival","robust",1.5,25,0.567227934796317,FALSE,0.0818114677164743,0.000106788076828985
"low_survival","robust",1.5,26,0.123581990664799,TRUE,0.34274849995524,0.905963609999147
"low_survival","robust",1.5,27,0.118910186696619,FALSE,0.118976877944299,0.961607989491976
"low_survival","robust",1.5,28,0.113315096728245,TRUE,0.325078444016231,0.122958113691473
"low_survival","robust",1.5,29,0.207140141666722,FALSE,0.0923683049891598,0.991469634578562
"low_survival","robust",1.5,3,0.0891792735751482,TRUE,0.266129136394236,0.645034351811905
"low_survival","robust",1.5,30,0.233011267287316,FALSE,0.109332045978372,0.964502189157662
"low_survival","robust",1.5,4,0.119324492097222,TRUE,0.221560706317749,0.0170218585745255
"low_survival","robust",1.5,5,0.152782617052887,FALSE,0.097453516373018,0.990595695140684
"low_survival","robust",1.5,6,0.25089085374534,FALSE,0.0978850622663852,0.992790412038139
"low_survival","robust",1.5,7,0.139685619007975,FALSE,0.0853308782211513,0.986253901644627
"low_survival","robust",1.5,8,0.104717634491484,TRUE,0.315333098737947,0.326436969051887
"low_survival","robust",1.5,9,0.41674040957238,FALSE,0.34995450070236,0.115773071812964
