"data_id","borrowing","bias_multiplier","truth_name","replicate","task_id"
1,"none",NA,"baseline",1,1
1,"full",1,"baseline",1,2
1,"full",1.5,"baseline",1,3
1,"robust",1.5,"baseline",1,4
1,"full",0.5,"baseline",1,5
1,"robust",1,"baseline",1,6
1,"robust",0.75,"baseline",1,7
1,"full",0,"baseline",1,8
1,"robust",0.5,"baseline",1,9
1,"robust",0.25,"baseline",1,10
1,"robust",0,"baseline",1,11
1,"full",0.75,"baseline",1,12
1,"full",0.25,"baseline",1,13
2,"none",NA,"low_survival",1,14
2,"robust",1.5,"low_survival",1,15
2,"robust",0.75,"low_survival",1,16
2,"robust",0.25,"low_survival",1,17
2,"robust",0,"low_survival",1,18
2,"full",1.5,"low_survival",1,19
2,"full",0.75,"low_survival",1,20
2,"full",1,"low_survival",1,21
2,"robust",1,"low_survival",1,22
2,"full",0,"low_survival",1,23
2,"robust",0.5,"low_survival",1,24
2,"full",0.25,"low_survival",1,25
2,"full",0.5,"low_survival",1,26
3,"robust",0.25,"flatter_fecundity",1,27
3,"full",0.25,"flatter_fecundity",1,28
3,"robust",0.75,"flatter_fecundity",1,29
3,"full",1,"flatter_fecundity",1,30
3,"full",1.5,"flatter_fecundity",1,31
3,"robust",0,"flatter_fecundity",1,32
3,"robust",1.5,"flatter_fecundity",1,33
3,"robust",1,"flatter_fecundity",1,34
3,"full",0.75,"flatter_fecundity",1,35
3,"full",0,"flatter_fecundity",1,36
3,"robust",0.5,"flatter_fecundity",1,37
3,"full",0.5,"flatter_fecundity",1,38
3,"none",NA,"flatter_fecundity",1,39
4,"robust",1.5,"baseline",2,40
4,"robust",0.75,"baseline",2,41
4,"full",1.5,"baseline",2,42
4,"robust",0.25,"baseline",2,43
4,"robust",1,"baseline",2,44
4,"full",0.75,"baseline",2,45
4,"full",0.25,"baseline",2,46
4,"full",1,"baseline",2,47
4,"robust",0.5,"baseline",2,48
4,"robust",0,"baseline",2,49
4,"none",NA,"baseline",2,50
4,"full",0.5,"baseline",2,51
4,"full",0,"baseline",2,52
5,"full",0.25,"low_survival",2,53
5,"robust",0,"low_survival",2,54
5,"full",0,"low_survival",2,55
5,"robust",1.5,"low_survival",2,56
5,"robust",0.25,"low_survival",2,57
5,"none",NA,"low_survival",2,58
5,"full",0.75,"low_survival",2,59
5,"robust",0.75,"low_survival",2,60
5,"full",1,"low_survival",2,61
5,"robust",0.5,"low_survival",2,62
5,"full",0.5,"low_survival",2,63
5,"full",1.5,"low_survival",2,64
5,"robust",1,"low_survival",2,65
6,"full",0.25,"flatter_fecundity",2,66
6,"robust",0,"flatter_fecundity",2,67
6,"robust",1.5,"flatter_fecundity",2,68
6,"full",0,"flatter_fecundity",2,69
6,"robust",0.75,"flatter_fecundity",2,70
6,"full",0.5,"flatter_fecundity",2,71
6,"full",0.75,"flatter_fecundity",2,72
6,"robust",0.5,"flatter_fecundity",2,73
6,"none",NA,"flatter_fecundity",2,74
6,"full",1.5,"flatter_fecundity",2,75
6,"full",1,"flatter_fecundity",2,76
6,"robust",1,"flatter_fecundity",2,77
6,"robust",0.25,"flatter_fecundity",2,78
7,"robust",0,"baseline",3,79
7,"full",0.25,"baseline",3,80
7,"full",0,"baseline",3,81
7,"robust",1.5,"baseline",3,82
7,"full",0.75,"baseline",3,83
7,"robust",0.5,"baseline",3,84
7,"none",NA,"baseline",3,85
7,"full",1.5,"baseline",3,86
7,"full",0.5,"baseline",3,87
7,"robust",0.75,"baseline",3,88
7,"robust",1,"baseline",3,89
7,"full",1,"baseline",3,90
7,"robust",0.25,"baseline",3,91
8,"robust",1,"low_survival",3,92
8,"full",1.5,"low_survival",3,93
8,"full",1,"low_survival",3,94
8,"full",0.25,"low_survival",3,95
8,"none",NA,"low_survival",3,96
8,"full",0.5,"low_survival",3,97
8,"robust",1.5,"low_survival",3,98
8,"robust",0.25,"low_survival",3,99
8,"robust",0.75,"low_survival",3,100
8,"full",0.75,"low_survival",3,101
8,"robust",0,"low_survival",3,102
8,"robust",0.5,"low_survival",3,103
8,"full",0,"low_survival",3,104
9,"none",NA,"flatter_fecundity",3,105
9,"robust",0.25,"flatter_fecundity",3,106
9,"robust",0.5,"flatter_fecundity",3,107
9,"full",0.25,"flatter_fecundity",3,108
9,"full",1,"flatter_fecundity",3,109
9,"full",0.5,"flatter_fecundity",3,110
9,"full",0.75,"flatter_fecundity",3,111
9,"robust",0,"flatter_fecundity",3,112
9,"robust",0.75,"flatter_fecundity",3,113
9,"full",1.5,"flatter_fecundity",3,114
9,"full",0,"flatter_fecundity",3,115
9,"robust",1.5,"flatter_fecundity",3,116
9,"robust",1,"flatter_fecundity",3,117
10,"none",NA,"baseline",4,118
10,"robust",1,"baseline",4,119
10,"full",0.75,"baseline",4,120
10,"full",0,"baseline",4,121
10,"robust",0,"baseline",4,122
10,"full",1,"baseline",4,123
10,"full",1.5,"baseline",4,124
10,"robust",0.5,"baseline",4,125
10,"robust",0.75,"baseline",4,126
10,"robust",0.25,"baseline",4,127
10,"full",0.5,"baseline",4,128
10,"full",0.25,"baseline",4,129
10,"robust",1.5,"baseline",4,130
11,"robust",1,"low_survival",4,131
11,"none",NA,"low_survival",4,132
11,"full",0.25,"low_survival",4,133
11,"robust",0.25,"low_survival",4,134
11,"full",1.5,"low_survival",4,135
11,"robust",0,"low_survival",4,136
11,"full",0,"low_survival",4,137
11,"full",1,"low_survival",4,138
11,"robust",0.5,"low_survival",4,139
11,"robust",0.75,"low_survival",4,140
11,"full",0.5,"low_survival",4,141
11,"full",0.75,"low_survival",4,142
11,"robust",1.5,"low_survival",4,143
12,"full",0.25,"flatter_fecundity",4,144
12,"robust",0.25,"flatter_fecundity",4,145
12,"none",NA,"flatter_fecundity",4,146
12,"robust",0.75,"flatter_fecundity",4,147
12,"full",1.5,"flatter_fecundity",4,148
12,"robust",0.5,"flatter_fecundity",4,149
12,"full",0.75,"flatter_fecundity",4,150
12,"full",0,"flatter_fecundity",4,151
12,"robust",1,"flatter_fecundity",4,152
12,"full",0.5,"flatter_fecundity",4,153
12,"robust",1.5,"flatter_fecundity",4,154
12,"robust",0,"flatter_fecundity",4,155
12,"full",1,"flatter_fecundity",4,156
13,"full",0.75,"baseline",5,157
13,"full",0.25,"baseline",5,158
13,"robust",0.5,"baseline",5,159
13,"full",0,"baseline",5,160
13,"robust",0.25,"baseline",5,161
13,"none",NA,"baseline",5,162
13,"robust",1.5,"baseline",5,163
13,"full",0.5,"baseline",5,164
13,"robust",0.75,"baseline",5,165
13,"robust",1,"baseline",5,166
13,"full",1.5,"baseline",5,167
13,"robust",0,"baseline",5,168
13,"full",1,"baseline",5,169
14,"full",0.75,"low_survival",5,170
14,"full",0.25,"low_survival",5,171
14,"robust",0.25,"low_survival",5,172
14,"robust",1.5,"low_survival",5,173
14,"robust",0.75,"low_survival",5,174
14,"none",NA,"low_survival",5,175
14,"robust",1,"low_survival",5,176
14,"full",1.5,"low_survival",5,177
14,"full",0.5,"low_survival",5,178
14,"robust",0.5,"low_survival",5,179
14,"full",1,"low_survival",5,180
14,"robust",0,"low_survival",5,181
14,"full",0,"low_survival",5,182
15,"full",0.75,"flatter_fecundity",5,183
15,"none",NA,"flatter_fecundity",5,184
15,"robust",0.25,"flatter_fecundity",5,185
15,"full",1.5,"flatter_fecundity",5,186
15,"full",0.5,"flatter_fecundity",5,187
15,"robust",0.5,"flatter_fecundity",5,188
15,"robust",1,"flatter_fecundity",5,189
15,"full",0.25,"flatter_fecundity",5,190
15,"full",1,"flatter_fecundity",5,191
15,"robust",1.5,"flatter_fecundity",5,192
15,"robust",0.75,"flatter_fecundity",5,193
15,"robust",0,"flatter_fecundity",5,194
15,"full",0,"flatter_fecundity",5,195
16,"robust",0.25,"baseline",6,196
16,"full",0.75,"baseline",6,197
16,"none",NA,"baseline",6,198
16,"full",0,"baseline",6,199
16,"full",1.5,"baseline",6,200
16,"robust",1,"baseline",6,201
16,"robust",1.5,"baseline",6,202
16,"robust",0.5,"baseline",6,203
16,"full",0.25,"baseline",6,204
16,"full",1,"baseline",6,205
16,"full",0.5,"baseline",6,206
16,"robust",0,"baseline",6,207
16,"robust",0.75,"baseline",6,208
17,"robust",0.25,"low_survival",6,209
17,"full",1.5,"low_survival",6,210
17,"robust",1,"low_survival",6,211
17,"none",NA,"low_survival",6,212
17,"robust",0.75,"low_survival",6,213
17,"full",0,"low_survival",6,214
17,"full",1,"low_survival",6,215
17,"robust",1.5,"low_survival",6,216
17,"full",0.75,"low_survival",6,217
17,"full",0.25,"low_survival",6,218
17,"robust",0.5,"low_survival",6,219
17,"robust",0,"low_survival",6,220
17,"full",0.5,"low_survival",6,221
18,"full",1.5,"flatter_fecundity",6,222
18,"robust",0.25,"flatter_fecundity",6,223
18,"full",0.25,"flatter_fecundity",6,224
18,"full",0,"flatter_fecundity",6,225
18,"full",0.5,"flatter_fecundity",6,226
18,"robust",0.75,"flatter_fecundity",6,227
18,"full",0.75,"flatter_fecundity",6,228
18,"robust",0,"flatter_fecundity",6,229
18,"robust",1,"flatter_fecundity",6,230
18,"none",NA,"flatter_fecundity",6,231
18,"full",1,"flatter_fecundity",6,232
18,"robust",0.5,"flatter_fecundity",6,233
18,"robust",1.5,"flatter_fecundity",6,234
19,"full",0.25,"baseline",7,235
19,"full",0,"baseline",7,236
19,"none",NA,"baseline",7,237
19,"full",0.5,"baseline",7,238
19,"robust",0.25,"baseline",7,239
19,"robust",0.5,"baseline",7,240
19,"full",0.75,"baseline",7,241
19,"robust",0.75,"baseline",7,242
19,"robust",0,"baseline",7,243
19,"robust",1.5,"baseline",7,244
19,"full",1.5,"baseline",7,245
19,"robust",1,"baseline",7,246
19,"full",1,"baseline",7,247
20,"full",0.75,"low_survival",7,248
20,"full",0,"low_survival",7,249
20,"none",NA,"low_survival",7,250
20,"robust",1.5,"low_survival",7,251
20,"full",0.25,"low_survival",7,252
20,"robust",1,"low_survival",7,253
20,"robust",0.25,"low_survival",7,254
20,"full",0.5,"low_survival",7,255
20,"robust",0.75,"low_survival",7,256
20,"full",1,"low_survival",7,257
20,"full",1.5,"low_survival",7,258
20,"robust",0.5,"low_survival",7,259
20,"robust",0,"low_survival",7,260
21,"robust",1,"flatter_fecundity",7,261
21,"full",0.25,"flatter_fecundity",7,262
21,"robust",0.25,"flatter_fecundity",7,263
21,"full",0.75,"flatter_fecundity",7,264
21,"full",0.5,"flatter_fecundity",7,265
21,"robust",0,"flatter_fecundity",7,266
21,"none",NA,"flatter_fecundity",7,267
21,"full",1,"flatter_fecundity",7,268
21,"full",1.5,"flatter_fecundity",7,269
21,"robust",0.75,"flatter_fecundity",7,270
21,"full",0,"flatter_fecundity",7,271
21,"robust",0.5,"flatter_fecundity",7,272
21,"robust",1.5,"flatter_fecundity",7,273
22,"full",0.25,"baseline",8,274
22,"full",0.75,"baseline",8,275
22,"robust",0,"baseline",8,276
22,"none",NA,"baseline",8,277
22,"robust",0.25,"baseline",8,278
22,"robust",0.5,"baseline",8,279
22,"robust",1.5,"baseline",8,280
22,"full",0,"baseline",8,281
22,"full",0.5,"baseline",8,282
22,"full",1.5,"baseline",8,283
22,"robust",1,"baseline",8,284
22,"robust",0.75,"baseline",8,285
22,"full",1,"baseline",8,286
23,"full",0.25,"low_survival",8,287
23,"robust",0.5,"low_survival",8,288
23,"robust",0,"low_survival",8,289
23,"full",0.5,"low_survival",8,290
23,"full",0.75,"low_survival",8,291
23,"full",0,"low_survival",8,292
23,"robust",1.5,"low_survival",8,293
23,"robust",0.25,"low_survival",8,294
23,"robust",1,"low_survival",8,295
23,"full",1,"low_survival",8,296
23,"robust",0.75,"low_survival",8,297
23,"full",1.5,"low_survival",8,298
23,"none",NA,"low_survival",8,299
24,"full",0.75,"flatter_fecundity",8,300
24,"robust",0.5,"flatter_fecundity",8,301
24,"full",0.25,"flatter_fecundity",8,302
24,"full",0,"flatter_fecundity",8,303
24,"robust",0.25,"flatter_fecundity",8,304
24,"full",1.5,"flatter_fecundity",8,305
24,"robust",1,"flatter_fecundity",8,306
24,"robust",0,"flatter_fecundity",8,307
24,"robust",1.5,"flatter_fecundity",8,308
24,"none",NA,"flatter_fecundity",8,309
24,"full",1,"flatter_fecundity",8,310
24,"robust",0.75,"flatter_fecundity",8,311
24,"full",0.5,"flatter_fecundity",8,312
25,"full",0.25,"baseline",9,313
25,"robust",0.5,"baseline",9,314
25,"full",0.5,"baseline",9,315
25,"full",0,"baseline",9,316
25,"full",0.75,"baseline",9,317
25,"robust",0.25,"baseline",9,318
25,"none",NA,"baseline",9,319
25,"robust",1,"baseline",9,320
25,"robust",0,"baseline",9,321
25,"robust",1.5,"baseline",9,322
25,"robust",0.75,"baseline",9,323
25,"full",1,"baseline",9,324
25,"full",1.5,"baseline",9,325
26,"full",0.25,"low_survival",9,326
26,"robust",0.5,"low_survival",9,327
26,"robust",0.75,"low_survival",9,328
26,"robust",1,"low_survival",9,329
26,"full",1.5,"low_survival",9,330
26,"full",0.75,"low_survival",9,331
26,"robust",0.25,"low_survival",9,332
26,"full",0,"low_survival",9,333
26,"full",1,"low_survival",9,334
26,"none",NA,"low_survival",9,335
26,"robust",1.5,"low_survival",9,336
26,"full",0.5,"low_survival",9,337
26,"robust",0,"low_survival",9,338
27,"robust",0.25,"flatter_fecundity",9,339
27,"full",0.25,"flatter_fecundity",9,340
27,"robust",1.5,"flatter_fecundity",9,341
27,"full",0.75,"flatter_fecundity",9,342
27,"full",0.5,"flatter_fecundity",9,343
27,"full",1.5,"flatter_fecundity",9,344
27,"none",NA,"flatter_fecundity",9,345
27,"full",0,"flatter_fecundity",9,346
27,"full",1,"flatter_fecundity",9,347
27,"robust",1,"flatter_fecundity",9,348
27,"robust",0,"flatter_fecundity",9,349
27,"robust",0.75,"flatter_fecundity",9,350
27,"robust",0.5,"flatter_fecundity",9,351
28,"robust",0.25,"baseline",10,352
28,"full",0.25,"baseline",10,353
28,"none",NA,"baseline",10,354
28,"robust",0.75,"baseline",10,355
28,"full",1,"baseline",10,356
28,"full",0.5,"baseline",10,357
28,"robust",0,"baseline",10,358
28,"robust",1,"baseline",10,359
28,"full",0,"baseline",10,360
28,"full",0.75,"baseline",10,361
28,"full",1.5,"baseline",10,362
28,"robust",1.5,"baseline",10,363
28,"robust",0.5,"baseline",10,364
29,"full",0,"low_survival",10,365
29,"robust",1.5,"low_survival",10,366
29,"none",NA,"low_survival",10,367
29,"robust",1,"low_survival",10,368
29,"robust",0.75,"low_survival",10,369
29,"robust",0,"low_survival",10,370
29,"robust",0.5,"low_survival",10,371
29,"full",1.5,"low_survival",10,372
29,"robust",0.25,"low_survival",10,373
29,"full",0.5,"low_survival",10,374
29,"full",0.25,"low_survival",10,375
29,"full",0.75,"low_survival",10,376
29,"full",1,"low_survival",10,377
30,"none",NA,"flatter_fecundity",10,378
30,"robust",0.75,"flatter_fecundity",10,379
30,"full",0.25,"flatter_fecundity",10,380
30,"full",0.75,"flatter_fecundity",10,381
30,"robust",0.25,"flatter_fecundity",10,382
30,"full",0,"flatter_fecundity",10,383
30,"robust",0,"flatter_fecundity",10,384
30,"robust",0.5,"flatter_fecundity",10,385
30,"full",1.5,"flatter_fecundity",10,386
30,"full",0.5,"flatter_fecundity",10,387
30,"robust",1,"flatter_fecundity",10,388
30,"robust",1.5,"flatter_fecundity",10,389
30,"full",1,"flatter_fecundity",10,390
31,"robust",0.75,"baseline",11,391
31,"full",0.75,"baseline",11,392
31,"robust",1.5,"baseline",11,393
31,"robust",0.5,"baseline",11,394
31,"robust",0.25,"baseline",11,395
31,"full",0,"baseline",11,396
31,"robust",0,"baseline",11,397
31,"full",0.25,"baseline",11,398
31,"none",NA,"baseline",11,399
31,"full",0.5,"baseline",11,400
31,"full",1,"baseline",11,401
31,"full",1.5,"baseline",11,402
31,"robust",1,"baseline",11,403
32,"robust",0.25,"low_survival",11,404
32,"none",NA,"low_survival",11,405
32,"full",0,"low_survival",11,406
32,"robust",1.5,"low_survival",11,407
32,"full",0.25,"low_survival",11,408
32,"full",1.5,"low_survival",11,409
32,"robust",0.75,"low_survival",11,410
32,"robust",0.5,"low_survival",11,411
32,"robust",0,"low_survival",11,412
32,"robust",1,"low_survival",11,413
32,"full",0.5,"low_survival",11,414
32,"full",0.75,"low_survival",11,415
32,"full",1,"low_survival",11,416
33,"robust",0.25,"flatter_fecundity",11,417
33,"full",0.25,"flatter_fecundity",11,418
33,"none",NA,"flatter_fecundity",11,419
33,"full",0.5,"flatter_fecundity",11,420
33,"robust",0,"flatter_fecundity",11,421
33,"full",1.5,"flatter_fecundity",11,422
33,"robust",0.75,"flatter_fecundity",11,423
33,"robust",1.5,"flatter_fecundity",11,424
33,"robust",0.5,"flatter_fecundity",11,425
33,"robust",1,"flatter_fecundity",11,426
33,"full",0,"flatter_fecundity",11,427
33,"full",0.75,"flatter_fecundity",11,428
33,"full",1,"flatter_fecundity",11,429
34,"full",1.5,"baseline",12,430
34,"none",NA,"baseline",12,431
34,"robust",1,"baseline",12,432
34,"robust",0.75,"baseline",12,433
34,"robust",0.5,"baseline",12,434
34,"full",0.75,"baseline",12,435
34,"robust",0.25,"baseline",12,436
34,"robust",1.5,"baseline",12,437
34,"full",1,"baseline",12,438
34,"full",0.25,"baseline",12,439
34,"full",0.5,"baseline",12,440
34,"robust",0,"baseline",12,441
34,"full",0,"baseline",12,442
35,"robust",0.5,"low_survival",12,443
35,"none",NA,"low_survival",12,444
35,"robust",0,"low_survival",12,445
35,"robust",0.25,"low_survival",12,446
35,"robust",0.75,"low_survival",12,447
35,"full",0,"low_survival",12,448
35,"full",0.75,"low_survival",12,449
35,"robust",1.5,"low_survival",12,450
35,"robust",1,"low_survival",12,451
35,"full",0.25,"low_survival",12,452
35,"full",1,"low_survival",12,453
35,"full",1.5,"low_survival",12,454
35,"full",0.5,"low_survival",12,455
36,"robust",0.25,"flatter_fecundity",12,456
36,"full",0.75,"flatter_fecundity",12,457
36,"robust",0.5,"flatter_fecundity",12,458
36,"full",0.25,"flatter_fecundity",12,459
36,"robust",1.5,"flatter_fecundity",12,460
36,"full",1,"flatter_fecundity",12,461
36,"full",0,"flatter_fecundity",12,462
36,"robust",0,"flatter_fecundity",12,463
36,"none",NA,"flatter_fecundity",12,464
36,"robust",1,"flatter_fecundity",12,465
36,"full",1.5,"flatter_fecundity",12,466
36,"robust",0.75,"flatter_fecundity",12,467
36,"full",0.5,"flatter_fecundity",12,468
37,"robust",0.75,"baseline",13,469
37,"full",0.25,"baseline",13,470
37,"robust",1.5,"baseline",13,471
37,"robust",0,"baseline",13,472
37,"full",0.75,"baseline",13,473
37,"robust",0.25,"baseline",13,474
37,"full",0,"baseline",13,475
37,"full",1.5,"baseline",13,476
37,"robust",1,"baseline",13,477
37,"none",NA,"baseline",13,478
37,"robust",0.5,"baseline",13,479
37,"full",0.5,"baseline",13,480
37,"full",1,"baseline",13,481
38,"full",0.25,"low_survival",13,482
38,"robust",1,"low_survival",13,483
38,"full",0,"low_survival",13,484
38,"robust",0,"low_survival",13,485
38,"robust",0.25,"low_survival",13,486
38,"none",NA,"low_survival",13,487
38,"full",1.5,"low_survival",13,488
38,"robust",0.75,"low_survival",13,489
38,"robust",0.5,"low_survival",13,490
38,"full",0.75,"low_survival",13,491
38,"full",0.5,"low_survival",13,492
38,"full",1,"low_survival",13,493
38,"robust",1.5,"low_survival",13,494
39,"robust",1,"flatter_fecundity",13,495
39,"none",NA,"flatter_fecundity",13,496
39,"full",0,"flatter_fecundity",13,497
39,"full",0.25,"flatter_fecundity",13,498
39,"robust",0.5,"flatter_fecundity",13,499
39,"full",0.75,"flatter_fecundity",13,500
39,"full",1.5,"flatter_fecundity",13,501
39,"robust",1.5,"flatter_fecundity",13,502
39,"full",0.5,"flatter_fecundity",13,503
39,"robust",0.75,"flatter_fecundity",13,504
39,"robust",0.25,"flatter_fecundity",13,505
39,"full",1,"flatter_fecundity",13,506
39,"robust",0,"flatter_fecundity",13,507
40,"none",NA,"baseline",14,508
40,"full",0.75,"baseline",14,509
40,"full",0.5,"baseline",14,510
40,"robust",0.5,"baseline",14,511
40,"full",0.25,"baseline",14,512
40,"robust",1,"baseline",14,513
40,"robust",0.25,"baseline",14,514
40,"full",0,"baseline",14,515
40,"full",1,"baseline",14,516
40,"full",1.5,"baseline",14,517
40,"robust",0.75,"baseline",14,518
40,"robust",0,"baseline",14,519
40,"robust",1.5,"baseline",14,520
41,"none",NA,"low_survival",14,521
41,"full",1,"low_survival",14,522
41,"full",0.75,"low_survival",14,523
41,"full",0,"low_survival",14,524
41,"full",0.25,"low_survival",14,525
41,"robust",0.25,"low_survival",14,526
41,"full",1.5,"low_survival",14,527
41,"full",0.5,"low_survival",14,528
41,"robust",0,"low_survival",14,529
41,"robust",1,"low_survival",14,530
41,"robust",0.75,"low_survival",14,531
41,"robust",0.5,"low_survival",14,532
41,"robust",1.5,"low_survival",14,533
42,"full",1.5,"flatter_fecundity",14,534
42,"robust",0,"flatter_fecundity",14,535
42,"none",NA,"flatter_fecundity",14,536
42,"robust",1,"flatter_fecundity",14,537
42,"full",0.75,"flatter_fecundity",14,538
42,"robust",0.25,"flatter_fecundity",14,539
42,"full",1,"flatter_fecundity",14,540
42,"full",0.5,"flatter_fecundity",14,541
42,"robust",0.5,"flatter_fecundity",14,542
42,"full",0.25,"flatter_fecundity",14,543
42,"full",0,"flatter_fecundity",14,544
42,"robust",0.75,"flatter_fecundity",14,545
42,"robust",1.5,"flatter_fecundity",14,546
43,"robust",0.5,"baseline",15,547
43,"robust",0.25,"baseline",15,548
43,"full",1.5,"baseline",15,549
43,"full",0.25,"baseline",15,550
43,"robust",1,"baseline",15,551
43,"full",0.75,"baseline",15,552
43,"full",0,"baseline",15,553
43,"robust",0,"baseline",15,554
43,"full",1,"baseline",15,555
43,"full",0.5,"baseline",15,556
43,"none",NA,"baseline",15,557
43,"robust",0.75,"baseline",15,558
43,"robust",1.5,"baseline",15,559
44,"robust",0.25,"low_survival",15,560
44,"robust",1,"low_survival",15,561
44,"robust",0.5,"low_survival",15,562
44,"robust",0.75,"low_survival",15,563
44,"full",0.25,"low_survival",15,564
44,"full",1.5,"low_survival",15,565
44,"full",0,"low_survival",15,566
44,"none",NA,"low_survival",15,567
44,"robust",0,"low_survival",15,568
44,"full",1,"low_survival",15,569
44,"full",0.75,"low_survival",15,570
44,"full",0.5,"low_survival",15,571
44,"robust",1.5,"low_survival",15,572
45,"full",0.25,"flatter_fecundity",15,573
45,"robust",1,"flatter_fecundity",15,574
45,"full",1.5,"flatter_fecundity",15,575
45,"robust",0.75,"flatter_fecundity",15,576
45,"none",NA,"flatter_fecundity",15,577
45,"full",0,"flatter_fecundity",15,578
45,"full",1,"flatter_fecundity",15,579
45,"full",0.5,"flatter_fecundity",15,580
45,"robust",0.5,"flatter_fecundity",15,581
45,"full",0.75,"flatter_fecundity",15,582
45,"robust",0.25,"flatter_fecundity",15,583
45,"robust",1.5,"flatter_fecundity",15,584
45,"robust",0,"flatter_fecundity",15,585
46,"robust",1,"baseline",16,586
46,"none",NA,"baseline",16,587
46,"robust",0.75,"baseline",16,588
46,"full",0.5,"baseline",16,589
46,"robust",0.5,"baseline",16,590
46,"full",0.75,"baseline",16,591
46,"full",0.25,"baseline",16,592
46,"full",1.5,"baseline",16,593
46,"robust",1.5,"baseline",16,594
46,"robust",0.25,"baseline",16,595
46,"full",0,"baseline",16,596
46,"robust",0,"baseline",16,597
46,"full",1,"baseline",16,598
47,"none",NA,"low_survival",16,599
47,"full",0.75,"low_survival",16,600
47,"full",0.5,"low_survival",16,601
47,"full",0.25,"low_survival",16,602
47,"robust",1,"low_survival",16,603
47,"robust",1.5,"low_survival",16,604
47,"full",1.5,"low_survival",16,605
47,"full",0,"low_survival",16,606
47,"full",1,"low_survival",16,607
47,"robust",0.25,"low_survival",16,608
47,"robust",0.5,"low_survival",16,609
47,"robust",0,"low_survival",16,610
47,"robust",0.75,"low_survival",16,611
48,"none",NA,"flatter_fecundity",16,612
48,"robust",0.25,"flatter_fecundity",16,613
48,"robust",1.5,"flatter_fecundity",16,614
48,"full",0.75,"flatter_fecundity",16,615
48,"full",0.25,"flatter_fecundity",16,616
48,"robust",1,"flatter_fecundity",16,617
48,"full",1.5,"flatter_fecundity",16,618
48,"full",0.5,"flatter_fecundity",16,619
48,"robust",0,"flatter_fecundity",16,620
48,"full",1,"flatter_fecundity",16,621
48,"full",0,"flatter_fecundity",16,622
48,"robust",0.75,"flatter_fecundity",16,623
48,"robust",0.5,"flatter_fecundity",16,624
49,"none",NA,"baseline",17,625
49,"robust",0.25,"baseline",17,626
49,"full",1.5,"baseline",17,627
49,"full",1,"baseline",17,628
49,"robust",0.5,"baseline",17,629
49,"full",0.75,"baseline",17,630
49,"full",0.25,"baseline",17,631
49,"robust",0.75,"baseline",17,632
49,"full",0.5,"baseline",17,633
49,"robust",0,"baseline",17,634
49,"robust",1.5,"baseline",17,635
49,"robust",1,"baseline",17,636
49,"full",0,"baseline",17,637
50,"none",NA,"low_survival",17,638
50,"robust",0.5,"low_survival",17,639
50,"robust",0.25,"low_survival",17,640
50,"robust",0,"low_survival",17,641
50,"robust",1,"low_survival",17,642
50,"full",0.75,"low_survival",17,643
50,"full",0,"low_survival",17,644
50,"robust",0.75,"low_survival",17,645
50,"full",1,"low_survival",17,646
50,"full",1.5,"low_survival",17,647
50,"full",0.5,"low_survival",17,648
50,"full",0.25,"low_survival",17,649
50,"robust",1.5,"low_survival",17,650
51,"none",NA,"flatter_fecundity",17,651
51,"robust",1,"flatter_fecundity",17,652
51,"robust",0.25,"flatter_fecundity",17,653
51,"full",0,"flatter_fecundity",17,654
51,"full",0.25,"flatter_fecundity",17,655
51,"full",1.5,"flatter_fecundity",17,656
51,"robust",0.75,"flatter_fecundity",17,657
51,"robust",0,"flatter_fecundity",17,658
51,"full",1,"flatter_fecundity",17,659
51,"robust",0.5,"flatter_fecundity",17,660
51,"full",0.75,"flatter_fecundity",17,661
51,"full",0.5,"flatter_fecundity",17,662
51,"robust",1.5,"flatter_fecundity",17,663
52,"robust",1,"baseline",18,664
52,"full",0.25,"baseline",18,665
52,"robust",0.75,"baseline",18,666
52,"robust",0.25,"baseline",18,667
52,"full",0.75,"baseline",18,668
52,"none",NA,"baseline",18,669
52,"full",0,"baseline",18,670
52,"full",0.5,"baseline",18,671
52,"robust",0.5,"baseline",18,672
52,"full",1,"baseline",18,673
52,"full",1.5,"baseline",18,674
52,"robust",1.5,"baseline",18,675
52,"robust",0,"baseline",18,676
53,"none",NA,"low_survival",18,677
53,"full",0.25,"low_survival",18,678
53,"full",0.75,"low_survival",18,679
53,"full",0.5,"low_survival",18,680
53,"robust",0.5,"low_survival",18,681
53,"robust",0.25,"low_survival",18,682
53,"full",0,"low_survival",18,683
53,"robust",1.5,"low_survival",18,684
53,"robust",0.75,"low_survival",18,685
53,"robust",1,"low_survival",18,686
53,"full",1.5,"low_survival",18,687
53,"robust",0,"low_survival",18,688
53,"full",1,"low_survival",18,689
54,"full",0.25,"flatter_fecundity",18,690
54,"full",0.75,"flatter_fecundity",18,691
54,"robust",0.5,"flatter_fecundity",18,692
54,"robust",1.5,"flatter_fecundity",18,693
54,"robust",0,"flatter_fecundity",18,694
54,"full",0,"flatter_fecundity",18,695
54,"full",1.5,"flatter_fecundity",18,696
54,"robust",0.75,"flatter_fecundity",18,697
54,"full",0.5,"flatter_fecundity",18,698
54,"robust",1,"flatter_fecundity",18,699
54,"none",NA,"flatter_fecundity",18,700
54,"full",1,"flatter_fecundity",18,701
54,"robust",0.25,"flatter_fecundity",18,702
55,"full",0.75,"baseline",19,703
55,"robust",0.25,"baseline",19,704
55,"full",0,"baseline",19,705
55,"robust",0,"baseline",19,706
55,"robust",1.5,"baseline",19,707
55,"robust",1,"baseline",19,708
55,"full",1.5,"baseline",19,709
55,"full",0.25,"baseline",19,710
55,"none",NA,"baseline",19,711
55,"full",1,"baseline",19,712
55,"robust",0.5,"baseline",19,713
55,"full",0.5,"baseline",19,714
55,"robust",0.75,"baseline",19,715
56,"full",0.75,"low_survival",19,716
56,"full",0,"low_survival",19,717
56,"full",0.25,"low_survival",19,718
56,"full",1,"low_survival",19,719
56,"robust",0,"low_survival",19,720
56,"none",NA,"low_survival",19,721
56,"full",0.5,"low_survival",19,722
56,"full",1.5,"low_survival",19,723
56,"robust",0.25,"low_survival",19,724
56,"robust",0.75,"low_survival",19,725
56,"robust",1,"low_survival",19,726
56,"robust",1.5,"low_survival",19,727
56,"robust",0.5,"low_survival",19,728
57,"full",1.5,"flatter_fecundity",19,729
57,"robust",1,"flatter_fecundity",19,730
57,"full",0.75,"flatter_fecundity",19,731
57,"full",1,"flatter_fecundity",19,732
57,"full",0.25,"flatter_fecundity",19,733
57,"none",NA,"flatter_fecundity",19,734
57,"robust",0.75,"flatter_fecundity",19,735
57,"full",0.5,"flatter_fecundity",19,736
57,"robust",0.5,"flatter_fecundity",19,737
57,"robust",0.25,"flatter_fecundity",19,738
57,"robust",0,"flatter_fecundity",19,739
57,"robust",1.5,"flatter_fecundity",19,740
57,"full",0,"flatter_fecundity",19,741
58,"full",0.25,"baseline",20,742
58,"full",0.5,"baseline",20,743
58,"full",1.5,"baseline",20,744
58,"robust",0,"baseline",20,745
58,"robust",0.5,"baseline",20,746
58,"none",NA,"baseline",20,747
58,"robust",0.25,"baseline",20,748
58,"full",0,"baseline",20,749
58,"robust",1,"baseline",20,750
58,"full",0.75,"baseline",20,751
58,"robust",1.5,"baseline",20,752
58,"full",1,"baseline",20,753
58,"robust",0.75,"baseline",20,754
59,"full",0.25,"low_survival",20,755
59,"full",0.5,"low_survival",20,756
59,"full",0.75,"low_survival",20,757
59,"robust",0,"low_survival",20,758
59,"robust",1,"low_survival",20,759
59,"robust",0.5,"low_survival",20,760
59,"robust",0.25,"low_survival",20,761
59,"full",0,"low_survival",20,762
59,"full",1,"low_survival",20,763
59,"none",NA,"low_survival",20,764
59,"full",1.5,"low_survival",20,765
59,"robust",1.5,"low_survival",20,766
59,"robust",0.75,"low_survival",20,767
60,"robust",0,"flatter_fecundity",20,768
60,"full",0,"flatter_fecundity",20,769
60,"full",0.25,"flatter_fecundity",20,770
60,"full",0.75,"flatter_fecundity",20,771
60,"robust",1.5,"flatter_fecundity",20,772
60,"full",1,"flatter_fecundity",20,773
60,"robust",1,"flatter_fecundity",20,774
60,"full",1.5,"flatter_fecundity",20,775
60,"robust",0.75,"flatter_fecundity",20,776
60,"robust",0.5,"flatter_fecundity",20,777
60,"none",NA,"flatter_fecundity",20,778
60,"full",0.5,"flatter_fecundity",20,779
60,"robust",0.25,"flatter_fecundity",20,780
61,"full",0.25,"baseline",21,781
61,"none",NA,"baseline",21,782
61,"robust",0,"baseline",21,783
61,"full",0.75,"baseline",21,784
61,"full",0,"baseline",21,785
61,"robust",0.5,"baseline",21,786
61,"robust",1,"baseline",21,787
61,"full",1.5,"baseline",21,788
61,"robust",0.75,"baseline",21,789
61,"full",0.5,"baseline",21,790
61,"full",1,"baseline",21,791
61,"robust",0.25,"baseline",21,792
61,"robust",1.5,"baseline",21,793
62,"full",0.25,"low_survival",21,794
62,"full",0.5,"low_survival",21,795
62,"full",1,"low_survival",21,796
62,"full",0.75,"low_survival",21,797
62,"robust",0.75,"low_survival",21,798
62,"full",0,"low_survival",21,799
62,"robust",0.5,"low_survival",21,800
62,"robust",1,"low_survival",21,801
62,"robust",0.25,"low_survival",21,802
62,"robust",0,"low_survival",21,803
62,"robust",1.5,"low_survival",21,804
62,"none",NA,"low_survival",21,805
62,"full",1.5,"low_survival",21,806
63,"robust",0.5,"flatter_fecundity",21,807
63,"none",NA,"flatter_fecundity",21,808
63,"full",0,"flatter_fecundity",21,809
63,"full",0.5,"flatter_fecundity",21,810
63,"full",1.5,"flatter_fecundity",21,811
63,"robust",0,"flatter_fecundity",21,812
63,"robust",1,"flatter_fecundity",21,813
63,"full",0.75,"flatter_fecundity",21,814
63,"full",0.25,"flatter_fecundity",21,815
63,"robust",0.25,"flatter_fecundity",21,816
63,"robust",1.5,"flatter_fecundity",21,817
63,"full",1,"flatter_fecundity",21,818
63,"robust",0.75,"flatter_fecundity",21,819
64,"robust",0.5,"baseline",22,820
64,"robust",0.25,"baseline",22,821
64,"robust",1,"baseline",22,822
64,"robust",0,"baseline",22,823
64,"full",0.25,"baseline",22,824
64,"full",1.5,"baseline",22,825
64,"robust",1.5,"baseline",22,826
64,"full",0,"baseline",22,827
64,"full",0.75,"baseline",22,828
64,"full",0.5,"baseline",22,829
64,"none",NA,"baseline",22,830
64,"full",1,"baseline",22,831
64,"robust",0.75,"baseline",22,832
65,"robust",1,"low_survival",22,833
65,"full",0.75,"low_survival",22,834
65,"none",NA,"low_survival",22,835
65,"robust",1.5,"low_survival",22,836
65,"full",0.25,"low_survival",22,837
65,"full",1.5,"low_survival",22,838
65,"robust",0.75,"low_survival",22,839
65,"full",0.5,"low_survival",22,840
65,"full",0,"low_survival",22,841
65,"robust",0,"low_survival",22,842
65,"robust",0.25,"low_survival",22,843
65,"robust",0.5,"low_survival",22,844
65,"full",1,"low_survival",22,845
66,"full",0,"flatter_fecundity",22,846
66,"full",0.25,"flatter_fecundity",22,847
66,"robust",0.25,"flatter_fecundity",22,848
66,"none",NA,"flatter_fecundity",22,849
66,"robust",1,"flatter_fecundity",22,850
66,"robust",0,"flatter_fecundity",22,851
66,"robust",1.5,"flatter_fecundity",22,852
66,"robust",0.75,"flatter_fecundity",22,853
66,"full",0.5,"flatter_fecundity",22,854
66,"full",1.5,"flatter_fecundity",22,855
66,"full",0.75,"flatter_fecundity",22,856
66,"robust",0.5,"flatter_fecundity",22,857
66,"full",1,"flatter_fecundity",22,858
67,"full",0.75,"baseline",23,859
67,"robust",0.25,"baseline",23,860
67,"full",0.25,"baseline",23,861
67,"robust",1.5,"baseline",23,862
67,"none",NA,"baseline",23,863
67,"robust",1,"baseline",23,864
67,"robust",0,"baseline",23,865
67,"full",0,"baseline",23,866
67,"robust",0.75,"baseline",23,867
67,"full",1.5,"baseline",23,868
67,"full",1,"baseline",23,869
67,"robust",0.5,"baseline",23,870
67,"full",0.5,"baseline",23,871
68,"robust",1.5,"low_survival",23,872
68,"full",0,"low_survival",23,873
68,"robust",0.25,"low_survival",23,874
68,"full",0.25,"low_survival",23,875
68,"robust",0,"low_survival",23,876
68,"robust",0.75,"low_survival",23,877
68,"none",NA,"low_survival",23,878
68,"full",1.5,"low_survival",23,879
68,"full",0.5,"low_survival",23,880
68,"full",0.75,"low_survival",23,881
68,"robust",1,"low_survival",23,882
68,"robust",0.5,"low_survival",23,883
68,"full",1,"low_survival",23,884
69,"full",0.25,"flatter_fecundity",23,885
69,"robust",0.25,"flatter_fecundity",23,886
69,"robust",0,"flatter_fecundity",23,887
69,"full",0,"flatter_fecundity",23,888
69,"full",0.75,"flatter_fecundity",23,889
69,"full",1.5,"flatter_fecundity",23,890
69,"none",NA,"flatter_fecundity",23,891
69,"robust",0.5,"flatter_fecundity",23,892
69,"robust",0.75,"flatter_fecundity",23,893
69,"robust",1.5,"flatter_fecundity",23,894
69,"robust",1,"flatter_fecundity",23,895
69,"full",0.5,"flatter_fecundity",23,896
69,"full",1,"flatter_fecundity",23,897
70,"none",NA,"baseline",24,898
70,"robust",0.5,"baseline",24,899
70,"full",1.5,"baseline",24,900
70,"robust",0.25,"baseline",24,901
70,"full",0,"baseline",24,902
70,"full",0.25,"baseline",24,903
70,"robust",1.5,"baseline",24,904
70,"robust",1,"baseline",24,905
70,"full",0.75,"baseline",24,906
70,"full",0.5,"baseline",24,907
70,"robust",0.75,"baseline",24,908
70,"full",1,"baseline",24,909
70,"robust",0,"baseline",24,910
71,"robust",1,"low_survival",24,911
71,"robust",0.5,"low_survival",24,912
71,"full",0,"low_survival",24,913
71,"full",0.25,"low_survival",24,914
71,"robust",0.25,"low_survival",24,915
71,"full",0.75,"low_survival",24,916
71,"robust",0.75,"low_survival",24,917
71,"robust",0,"low_survival",24,918
71,"full",1,"low_survival",24,919
71,"none",NA,"low_survival",24,920
71,"robust",1.5,"low_survival",24,921
71,"full",1.5,"low_survival",24,922
71,"full",0.5,"low_survival",24,923
72,"full",0.25,"flatter_fecundity",24,924
72,"robust",0,"flatter_fecundity",24,925
72,"full",0,"flatter_fecundity",24,926
72,"none",NA,"flatter_fecundity",24,927
72,"robust",1,"flatter_fecundity",24,928
72,"robust",0.25,"flatter_fecundity",24,929
72,"full",0.5,"flatter_fecundity",24,930
72,"robust",0.5,"flatter_fecundity",24,931
72,"robust",0.75,"flatter_fecundity",24,932
72,"full",0.75,"flatter_fecundity",24,933
72,"robust",1.5,"flatter_fecundity",24,934
72,"full",1.5,"flatter_fecundity",24,935
72,"full",1,"flatter_fecundity",24,936
73,"none",NA,"baseline",25,937
73,"robust",0.5,"baseline",25,938
73,"full",0.25,"baseline",25,939
73,"robust",1.5,"baseline",25,940
73,"robust",0,"baseline",25,941
73,"robust",1,"baseline",25,942
73,"full",0.5,"baseline",25,943
73,"robust",0.25,"baseline",25,944
73,"full",0.75,"baseline",25,945
73,"full",1.5,"baseline",25,946
73,"full",1,"baseline",25,947
73,"robust",0.75,"baseline",25,948
73,"full",0,"baseline",25,949
74,"full",0.75,"low_survival",25,950
74,"robust",1,"low_survival",25,951
74,"robust",0.5,"low_survival",25,952
74,"full",1,"low_survival",25,953
74,"full",0.5,"low_survival",25,954
74,"none",NA,"low_survival",25,955
74,"full",0.25,"low_survival",25,956
74,"full",1.5,"low_survival",25,957
74,"robust",0.25,"low_survival",25,958
74,"robust",1.5,"low_survival",25,959
74,"robust",0,"low_survival",25,960
74,"full",0,"low_survival",25,961
74,"robust",0.75,"low_survival",25,962
75,"robust",0.25,"flatter_fecundity",25,963
75,"robust",1,"flatter_fecundity",25,964
75,"full",0.75,"flatter_fecundity",25,965
75,"full",0.25,"flatter_fecundity",25,966
75,"full",1,"flatter_fecundity",25,967
75,"robust",0.5,"flatter_fecundity",25,968
75,"none",NA,"flatter_fecundity",25,969
75,"robust",0,"flatter_fecundity",25,970
75,"full",0,"flatter_fecundity",25,971
75,"full",1.5,"flatter_fecundity",25,972
75,"robust",1.5,"flatter_fecundity",25,973
75,"full",0.5,"flatter_fecundity",25,974
75,"robust",0.75,"flatter_fecundity",25,975
76,"full",1.5,"baseline",26,976
76,"robust",1,"baseline",26,977
76,"robust",0.25,"baseline",26,978
76,"none",NA,"baseline",26,979
76,"full",0.25,"baseline",26,980
76,"full",1,"baseline",26,981
76,"robust",0,"baseline",26,982
76,"robust",0.5,"baseline",26,983
76,"full",0.75,"baseline",26,984
76,"full",0,"baseline",26,985
76,"robust",0.75,"baseline",26,986
76,"robust",1.5,"baseline",26,987
76,"full",0.5,"baseline",26,988
77,"full",1.5,"low_survival",26,989
77,"robust",1,"low_survival",26,990
77,"full",0.25,"low_survival",26,991
77,"robust",0.5,"low_survival",26,992
77,"full",0.75,"low_survival",26,993
77,"full",0,"low_survival",26,994
77,"robust",0,"low_survival",26,995
77,"robust",1.5,"low_survival",26,996
77,"robust",0.25,"low_survival",26,997
77,"none",NA,"low_survival",26,998
77,"robust",0.75,"low_survival",26,999
77,"full",1,"low_survival",26,1000
77,"full",0.5,"low_survival",26,1001
78,"full",0.25,"flatter_fecundity",26,1002
78,"robust",1,"flatter_fecundity",26,1003
78,"full",0,"flatter_fecundity",26,1004
78,"robust",0,"flatter_fecundity",26,1005
78,"robust",0.25,"flatter_fecundity",26,1006
78,"full",0.75,"flatter_fecundity",26,1007
78,"none",NA,"flatter_fecundity",26,1008
78,"robust",1.5,"flatter_fecundity",26,1009
78,"robust",0.75,"flatter_fecundity",26,1010
78,"full",1.5,"flatter_fecundity",26,1011
78,"robust",0.5,"flatter_fecundity",26,1012
78,"full",1,"flatter_fecundity",26,1013
78,"full",0.5,"flatter_fecundity",26,1014
79,"full",0.25,"baseline",27,1015
79,"robust",1,"baseline",27,1016
79,"none",NA,"baseline",27,1017
79,"full",0.75,"baseline",27,1018
79,"robust",0,"baseline",27,1019
79,"full",1.5,"baseline",27,1020
79,"full",0.5,"baseline",27,1021
79,"robust",0.5,"baseline",27,1022
79,"full",0,"baseline",27,1023
79,"robust",0.25,"baseline",27,1024
79,"robust",1.5,"baseline",27,1025
79,"robust",0.75,"baseline",27,1026
79,"full",1,"baseline",27,1027
80,"none",NA,"low_survival",27,1028
80,"full",0.5,"low_survival",27,1029
80,"full",0.75,"low_survival",27,1030
80,"robust",0.25,"low_survival",27,1031
80,"robust",0.5,"low_survival",27,1032
80,"full",0.25,"low_survival",27,1033
80,"full",1.5,"low_survival",27,1034
80,"robust",1,"low_survival",27,1035
80,"full",0,"low_survival",27,1036
80,"robust",0.75,"low_survival",27,1037
80,"full",1,"low_survival",27,1038
80,"robust",1.5,"low_survival",27,1039
80,"robust",0,"low_survival",27,1040
81,"none",NA,"flatter_fecundity",27,1041
81,"full",1,"flatter_fecundity",27,1042
81,"full",0.75,"flatter_fecundity",27,1043
81,"robust",0.75,"flatter_fecundity",27,1044
81,"robust",0.25,"flatter_fecundity",27,1045
81,"robust",0.5,"flatter_fecundity",27,1046
81,"full",0,"flatter_fecundity",27,1047
81,"full",0.25,"flatter_fecundity",27,1048
81,"robust",1,"flatter_fecundity",27,1049
81,"full",1.5,"flatter_fecundity",27,1050
81,"full",0.5,"flatter_fecundity",27,1051
81,"robust",0,"flatter_fecundity",27,1052
81,"robust",1.5,"flatter_fecundity",27,1053
82,"robust",0,"baseline",28,1054
82,"none",NA,"baseline",28,1055
82,"full",1.5,"baseline",28,1056
82,"full",0,"baseline",28,1057
82,"robust",0.25,"baseline",28,1058
82,"robust",1,"baseline",28,1059
82,"full",0.5,"baseline",28,1060
82,"full",0.75,"baseline",28,1061
82,"full",0.25,"baseline",28,1062
82,"full",1,"baseline",28,1063
82,"robust",0.5,"baseline",28,1064
82,"robust",0.75,"baseline",28,1065
82,"robust",1.5,"baseline",28,1066
83,"full",1.5,"low_survival",28,1067
83,"robust",0.5,"low_survival",28,1068
83,"robust",1,"low_survival",28,1069
83,"full",0.5,"low_survival",28,1070
83,"robust",0.25,"low_survival",28,1071
83,"robust",0.75,"low_survival",28,1072
83,"none",NA,"low_survival",28,1073
83,"full",0.75,"low_survival",28,1074
83,"robust",1.5,"low_survival",28,1075
83,"full",1,"low_survival",28,1076
83,"full",0.25,"low_survival",28,1077
83,"full",0,"low_survival",28,1078
83,"robust",0,"low_survival",28,1079
84,"robust",0.75,"flatter_fecundity",28,1080
84,"full",0.25,"flatter_fecundity",28,1081
84,"robust",0,"flatter_fecundity",28,1082
84,"robust",0.25,"flatter_fecundity",28,1083
84,"full",0.75,"flatter_fecundity",28,1084
84,"full",0,"flatter_fecundity",28,1085
84,"robust",1.5,"flatter_fecundity",28,1086
84,"robust",0.5,"flatter_fecundity",28,1087
84,"full",0.5,"flatter_fecundity",28,1088
84,"none",NA,"flatter_fecundity",28,1089
84,"full",1.5,"flatter_fecundity",28,1090
84,"full",1,"flatter_fecundity",28,1091
84,"robust",1,"flatter_fecundity",28,1092
85,"robust",0.75,"baseline",29,1093
85,"robust",0,"baseline",29,1094
85,"full",0.25,"baseline",29,1095
85,"full",0,"baseline",29,1096
85,"robust",1.5,"baseline",29,1097
85,"robust",0.5,"baseline",29,1098
85,"full",0.5,"baseline",29,1099
85,"full",0.75,"baseline",29,1100
85,"robust",0.25,"baseline",29,1101
85,"full",1.5,"baseline",29,1102
85,"none",NA,"baseline",29,1103
85,"robust",1,"baseline",29,1104
85,"full",1,"baseline",29,1105
86,"robust",0,"low_survival",29,1106
86,"full",0,"low_survival",29,1107
86,"full",0.75,"low_survival",29,1108
86,"robust",0.5,"low_survival",29,1109
86,"full",0.25,"low_survival",29,1110
86,"robust",0.25,"low_survival",29,1111
86,"full",0.5,"low_survival",29,1112
86,"robust",1.5,"low_survival",29,1113
86,"robust",0.75,"low_survival",29,1114
86,"none",NA,"low_survival",29,1115
86,"full",1.5,"low_survival",29,1116
86,"robust",1,"low_survival",29,1117
86,"full",1,"low_survival",29,1118
87,"full",1.5,"flatter_fecundity",29,1119
87,"full",0.75,"flatter_fecundity",29,1120
87,"robust",1.5,"flatter_fecundity",29,1121
87,"robust",1,"flatter_fecundity",29,1122
87,"robust",0.5,"flatter_fecundity",29,1123
87,"full",0.25,"flatter_fecundity",29,1124
87,"full",1,"flatter_fecundity",29,1125
87,"full",0.5,"flatter_fecundity",29,1126
87,"robust",0,"flatter_fecundity",29,1127
87,"robust",0.75,"flatter_fecundity",29,1128
87,"full",0,"flatter_fecundity",29,1129
87,"robust",0.25,"flatter_fecundity",29,1130
87,"none",NA,"flatter_fecundity",29,1131
88,"robust",1.5,"baseline",30,1132
88,"full",0.75,"baseline",30,1133
88,"robust",0.5,"baseline",30,1134
88,"full",1.5,"baseline",30,1135
88,"full",0.5,"baseline",30,1136
88,"robust",0,"baseline",30,1137
88,"none",NA,"baseline",30,1138
88,"robust",1,"baseline",30,1139
88,"full",0,"baseline",30,1140
88,"full",0.25,"baseline",30,1141
88,"robust",0.25,"baseline",30,1142
88,"full",1,"baseline",30,1143
88,"robust",0.75,"baseline",30,1144
89,"full",0.75,"low_survival",30,1145
89,"full",1,"low_survival",30,1146
89,"robust",0.5,"low_survival",30,1147
89,"full",1.5,"low_survival",30,1148
89,"robust",0,"low_survival",30,1149
89,"full",0.25,"low_survival",30,1150
89,"full",0.5,"low_survival",30,1151
89,"full",0,"low_survival",30,1152
89,"robust",1,"low_survival",30,1153
89,"robust",0.75,"low_survival",30,1154
89,"robust",0.25,"low_survival",30,1155
89,"none",NA,"low_survival",30,1156
89,"robust",1.5,"low_survival",30,1157
90,"full",1,"flatter_fecundity",30,1158
90,"full",0.5,"flatter_fecundity",30,1159
90,"robust",1,"flatter_fecundity",30,1160
90,"robust",0.75,"flatter_fecundity",30,1161
90,"robust",0.5,"flatter_fecundity",30,1162
90,"full",1.5,"flatter_fecundity",30,1163
90,"robust",0.25,"flatter_fecundity",30,1164
90,"robust",0,"flatter_fecundity",30,1165
90,"full",0.75,"flatter_fecundity",30,1166
90,"none",NA,"flatter_fecundity",30,1167
90,"full",0,"flatter_fecundity",30,1168
90,"full",0.25,"flatter_fecundity",30,1169
90,"robust",1.5,"flatter_fecundity",30,1170
