"scenario_id","replicate","accuracy","uncertainty_multiplier","positive_definite","process_model","convergence","positive_definite","condition_number","laplace_draws","parameter_coverage","derived_coverage","parameter_mean_abs_z","derived_mean_abs_z"
2,1,"weak",NA,TRUE,"gamma_poisson",0,TRUE,4483.57837858174,1000,0.9,1,0.830007022363392,0.767769329444444
26,2,"weak",NA,TRUE,"gamma_poisson",0,TRUE,4325.57907974648,1000,1,0.933333333333333,1.00683141446753,0.969330181339399
50,3,"weak",NA,TRUE,"gamma_poisson",0,TRUE,3331.4581993169,1000,0.8,0.733333333333333,1.63861384859528,1.25982969973881
74,4,"weak",NA,TRUE,"gamma_poisson",0,TRUE,1869.27903618717,1000,1,1,0.840573691304412,0.921291094303273
98,5,"weak",NA,TRUE,"gamma_poisson",0,TRUE,2473.98753163252,1000,0.7,0.6,1.73824428092369,1.56635569655182
2,1,"correct",0.5,TRUE,"gamma_poisson",0,TRUE,395.731043348913,1000,0.8,0.8,1.32815257859336,1.21655673232819
26,2,"correct",0.5,TRUE,"gamma_poisson",0,TRUE,4636.8685453744,1000,1,0.933333333333333,0.623374734711291,0.632872252187491
50,3,"correct",0.5,TRUE,"gamma_poisson",0,TRUE,2860.56207441654,1000,0.9,0.8,0.898916196716607,1.06355745488966
74,4,"correct",0.5,TRUE,"gamma_poisson",0,TRUE,1643.47336707892,1000,1,1,0.619867421189025,0.731986448981278
98,5,"correct",0.5,TRUE,"gamma_poisson",0,TRUE,3152.79371473205,1000,0.9,0.733333333333333,1.34590666630626,1.39695945043644
2,1,"biased",0.5,TRUE,"gamma_poisson",0,TRUE,252.316204998836,1000,0.6,0.6,2.36430426736061,2.71443308271344
26,2,"biased",0.5,TRUE,"gamma_poisson",0,TRUE,3739.29383621322,1000,0.5,0.6,1.79959000293508,1.50841956226424
50,3,"biased",0.5,TRUE,"gamma_poisson",0,TRUE,3146.32880285591,1000,0.5,0.6,2.21567511365103,1.82386615434826
74,4,"biased",0.5,TRUE,"gamma_poisson",0,TRUE,1195.11133126028,1000,0.7,0.8,1.23961288259769,0.948704461707729
98,5,"biased",0.5,TRUE,"gamma_poisson",0,TRUE,2578.61356221548,1000,0.6,0.6,2.08446314259304,1.86489716257855
2,1,"correct",1,TRUE,"gamma_poisson",0,TRUE,1267.99475965253,1000,0.9,1,0.579700095422881,0.538671949759264
26,2,"correct",1,TRUE,"gamma_poisson",0,TRUE,4387.18989144642,1000,1,0.933333333333333,0.804165593488948,0.849029724223305
50,3,"correct",1,TRUE,"gamma_poisson",0,TRUE,3548.15596616805,1000,0.8,0.8,1.34677898648152,1.20847402352805
74,4,"correct",1,TRUE,"gamma_poisson",0,TRUE,1749.9895528253,1000,1,1,0.698754173128423,0.806078046780607
98,5,"correct",1,TRUE,"gamma_poisson",0,TRUE,2724.10092718284,1000,0.8,0.666666666666667,1.57083174451147,1.47326418557945
2,1,"biased",1,TRUE,"gamma_poisson",0,TRUE,975.369831112199,1000,0.9,0.866666666666667,0.825519669927178,0.767880685831302
26,2,"biased",1,TRUE,"gamma_poisson",0,TRUE,3812.62099355187,1000,0.8,0.8,1.26909624240291,1.16018850573566
50,3,"biased",1,TRUE,"gamma_poisson",0,TRUE,3296.18353638606,1000,0.8,0.733333333333333,1.71981096096863,1.34839350414743
74,4,"biased",1,TRUE,"gamma_poisson",0,TRUE,1605.10777948366,1000,1,1,0.886340289196722,0.853172162684659
98,5,"biased",1,TRUE,"gamma_poisson",0,TRUE,2481.16920626881,1000,0.7,0.6,1.84245910797005,1.59258088921287
2,1,"correct",2,TRUE,"gamma_poisson",0,TRUE,3018.92867884352,1000,0.9,1,0.708593491624102,0.642617815556959
26,2,"correct",2,TRUE,"gamma_poisson",0,TRUE,4194.47656093196,1000,1,0.933333333333333,0.954142482446376,0.950311699593555
50,3,"correct",2,TRUE,"gamma_poisson",0,TRUE,3402.38350891139,1000,0.8,0.8,1.54965684015182,1.26119626497508
74,4,"correct",2,TRUE,"gamma_poisson",0,TRUE,1814.40811938625,1000,1,1,0.785790190912429,0.875412934983743
98,5,"correct",2,TRUE,"gamma_poisson",0,TRUE,2535.25272466792,1000,0.7,0.6,1.68196993660361,1.53751827698043
2,1,"biased",2,TRUE,"gamma_poisson",0,TRUE,2380.24280369109,1000,0.9,1,0.812029153096275,0.759172625975132
26,2,"biased",2,TRUE,"gamma_poisson",0,TRUE,3943.64130166596,1000,0.9,0.866666666666667,1.07423054490724,1.03263288260139
50,3,"biased",2,TRUE,"gamma_poisson",0,TRUE,3317.69537312292,1000,0.8,0.733333333333333,1.64828464860991,1.2774109762473
74,4,"biased",2,TRUE,"gamma_poisson",0,TRUE,1763.04233707885,1000,1,1,0.83722287767106,0.896259362963927
98,5,"biased",2,TRUE,"gamma_poisson",0,TRUE,2470.59216394426,1000,0.7,0.6,1.66869802547026,1.51728253637407
2,1,"correct",4,TRUE,"gamma_poisson",0,TRUE,4610.760952778,1000,0.9,1,0.75312980281306,0.650739289200771
26,2,"correct",4,TRUE,"gamma_poisson",0,TRUE,4467.7692080991,1000,0.9,0.866666666666667,1.01571863536935,0.990418512305985
50,3,"correct",4,TRUE,"gamma_poisson",0,TRUE,3354.01141030764,1000,0.8,0.733333333333333,1.62185756899219,1.2518844290078
74,4,"correct",4,TRUE,"gamma_poisson",0,TRUE,1906.62745791867,1000,1,1,0.792918995454942,0.86907651728223
98,5,"correct",4,TRUE,"gamma_poisson",0,TRUE,2487.69580183521,1000,0.7,0.6,1.67181833364667,1.52814945372552
2,1,"biased",4,TRUE,"gamma_poisson",0,TRUE,4176.71135885655,1000,0.9,1,0.830327446312234,0.734640412717516
26,2,"biased",4,TRUE,"gamma_poisson",0,TRUE,4245.36096754827,1000,1,0.933333333333333,1.03826406491634,1.00576844250542
50,3,"biased",4,TRUE,"gamma_poisson",0,TRUE,3331.6027749993,1000,0.8,0.733333333333333,1.63560526382076,1.2417623760576
74,4,"biased",4,TRUE,"gamma_poisson",0,TRUE,1860.16688200599,1000,1,1,0.818304822970313,0.878465908325262
98,5,"biased",4,TRUE,"gamma_poisson",0,TRUE,2471.36690470849,1000,0.7,0.6,1.75941190884045,1.58460567920234
