"scenario","method","group","n","coverage","bias","rmse","mean_posterior_sd","mean_abs_standardized_bias"
"dense_profiles","one_step_gamma_poisson","growth",36,1,-0.0070927458830408,0.464104323374043,0.599577843935647,0.640412852420762
"diverse_initial","one_step_gamma_poisson","growth",40,0.75,0.144709434138705,0.84330551157002,0.615155287968577,1.13749075868027
"longer_followup","one_step_gamma_poisson","growth",40,0.6,0.0385903144320088,1.76948292728973,0.777032538705162,3.44087412269718
"standard","one_step_gamma_poisson","growth",40,0.8,0.270998219047795,1.49625855034186,1.18980147094336,1.0146791919064
"dense_profiles","one_step_poisson","growth",36,0.972222222222222,-0.047861158786217,0.526233915954467,0.579728794334486,0.73834156138807
"diverse_initial","one_step_poisson","growth",40,0.675,0.0810216289045355,0.950021285700029,0.56715320129266,1.4424943240283
"longer_followup","one_step_poisson","growth",32,0.34375,-0.38998425534655,2.41725764043172,0.695686029040691,4.35105078200444
"standard","one_step_poisson","growth",40,0.8,0.210369064523243,1.4989888484898,1.16066627312586,1.06502947894204
"dense_profiles","one_step_shared_gamma_poisson","growth",36,0.888888888888889,-0.0358037689826486,0.458720841376825,0.519278349223714,0.78284495117901
"diverse_initial","one_step_shared_gamma_poisson","growth",36,0.777777777777778,0.144657276844874,0.712616102868964,0.579932412293265,1.03455805428045
"longer_followup","one_step_shared_gamma_poisson","growth",40,0.4,-0.411841646707408,2.19115531766428,0.738235803905306,4.0389913276046
"standard","one_step_shared_gamma_poisson","growth",40,0.725,0.158999598630586,1.48817822722819,1.06927980900133,1.2266254573012
"dense_profiles","recursive_gamma_poisson","growth",40,0.9,-0.152505464071249,0.571138011941159,0.476688579890875,1.03212678569569
"diverse_initial","recursive_gamma_poisson","growth",40,0.875,0.161940992520491,0.511760250513735,0.404922832204555,1.02578135726245
"longer_followup","recursive_gamma_poisson","growth",40,0.925,0.0816504222424095,0.546041646616843,0.524371248459524,0.863362173543793
"standard","recursive_gamma_poisson","growth",40,0.8,0.110259488016391,0.964321251832073,0.862028957814657,1.00233590982851
"dense_profiles","recursive_poisson","growth",40,0.775,-0.177477457919956,0.639747260058259,0.405495023284227,1.37255040814411
"diverse_initial","recursive_poisson","growth",40,0.85,0.133482387113018,0.496472878485099,0.385546724579726,1.00028556947643
"longer_followup","recursive_poisson","growth",40,0.875,0.139668562643749,0.573349043353527,0.482568523992499,0.8995303002197
"standard","recursive_poisson","growth",36,0.722222222222222,0.0769471671594775,1.11720444621996,0.81623795406956,1.3864955777416
"dense_profiles","one_step_gamma_poisson","lambda",9,1,0.00259703211834042,0.0211139565783752,0.0297656656314302,0.583272051213469
"diverse_initial","one_step_gamma_poisson","lambda",10,1,-0.0230320037196707,0.0372970808721695,0.045262179118895,0.726793817051257
"longer_followup","one_step_gamma_poisson","lambda",10,1,0.00297479708920561,0.0289482962554704,0.0397742414986546,0.627134752208363
"standard","one_step_gamma_poisson","lambda",10,1,-0.0200118283854189,0.0333257472744074,0.0555043778058925,0.468436451532159
"dense_profiles","one_step_poisson","lambda",9,1,0.00256788374509546,0.0209832330962197,0.0289388763679697,0.585114370633092
"diverse_initial","one_step_poisson","lambda",10,1,-0.0248359478159086,0.0375370163822438,0.0446327477898858,0.713977826751193
"longer_followup","one_step_poisson","lambda",8,0.875,-0.0130883161997547,0.0280753670331725,0.0362680865845641,0.687829870817484
"standard","one_step_poisson","lambda",10,0.9,-0.0266199484975488,0.0382275472805125,0.0481566249269448,0.629550052345111
"dense_profiles","one_step_shared_gamma_poisson","lambda",9,1,0.00728464692120396,0.0191430911201281,0.0341849540386535,0.460442728610595
"diverse_initial","one_step_shared_gamma_poisson","lambda",9,1,-0.0241453492764477,0.0384837924798979,0.0563567770327759,0.588708956106703
"longer_followup","one_step_shared_gamma_poisson","lambda",10,1,0.00728236701146812,0.0231525897455635,0.0510019020984647,0.350974595203529
"standard","one_step_shared_gamma_poisson","lambda",10,1,-0.0124870965912256,0.0282060193334681,0.0683529117244826,0.33455162398066
"dense_profiles","recursive_gamma_poisson","lambda",10,0.6,0.00445444907733528,0.0166558777473621,0.0100459778619338,1.35871032857677
"diverse_initial","recursive_gamma_poisson","lambda",10,0.6,-0.0124721621020905,0.0249468964074245,0.0143742358545834,1.6095526461766
"longer_followup","recursive_gamma_poisson","lambda",10,0.3,0.00338672021335791,0.0206720211498032,0.0070693278986088,2.45811513879233
"standard","recursive_gamma_poisson","lambda",10,0.8,-0.00799662053720281,0.0347052650090824,0.0175315760542089,1.48055924922199
"dense_profiles","recursive_poisson","lambda",10,0.6,0.0048667922556983,0.0191107700846622,0.00831981030394694,1.79498145653854
"diverse_initial","recursive_poisson","lambda",10,0.6,-0.0139690214099493,0.0231107353203277,0.0128306876498938,1.54934316308999
"longer_followup","recursive_poisson","lambda",10,0.3,0.00522787690091806,0.0208068210745106,0.00601259317915443,2.89522995381829
"standard","recursive_poisson","lambda",9,0.666666666666667,-0.00926441902668641,0.0360170765821869,0.0158842614290348,1.80254186797305
"dense_profiles","one_step_gamma_poisson","recruit_size",36,1,0.221873333384467,0.382987341337838,0.582706429580783,0.552495029965747
"diverse_initial","one_step_gamma_poisson","recruit_size",40,0.95,0.229770100818912,0.692653210688176,0.723275142085193,0.703210973096675
"longer_followup","one_step_gamma_poisson","recruit_size",40,0.925,0.232042801702683,0.83992157301741,0.822321437403389,1.10206896409602
"standard","one_step_gamma_poisson","recruit_size",40,0.9,0.155008552044599,0.824965933348687,0.961575924409714,0.952739398620037
"dense_profiles","one_step_poisson","recruit_size",36,1,0.157589810790427,0.368539010912467,0.49425143101032,0.599027226880455
"diverse_initial","one_step_poisson","recruit_size",40,0.975,0.159274604428898,0.73440430647937,0.639193191353856,0.830443996786833
"longer_followup","one_step_poisson","recruit_size",32,0.78125,0.114011247374397,0.598150963047473,0.497808041571803,1.34581119492749
"standard","one_step_poisson","recruit_size",40,0.9,0.124475805509137,0.742247725046293,0.87832192453944,1.0391084313989
"dense_profiles","one_step_shared_gamma_poisson","recruit_size",36,1,0.12512598065968,0.470544132478068,0.481519048862067,0.743182760269024
"diverse_initial","one_step_shared_gamma_poisson","recruit_size",36,0.944444444444444,0.213967427375077,0.727589914444496,0.667566026633174,0.717660421300918
"longer_followup","one_step_shared_gamma_poisson","recruit_size",40,0.85,0.104444190479769,0.487082143394702,0.40162941766414,0.97986117198237
"standard","one_step_shared_gamma_poisson","recruit_size",40,0.9,0.0567210308821202,0.82360259428589,0.745161281741176,1.00334525958521
"dense_profiles","recursive_gamma_poisson","recruit_size",40,0.975,-0.0039267506255441,0.52324373273407,0.707176286306331,0.558766819165775
"diverse_initial","recursive_gamma_poisson","recruit_size",40,0.925,0.262759329576119,0.846512888718401,0.638930587989428,0.866831831175903
"longer_followup","recursive_gamma_poisson","recruit_size",40,0.925,0.329173237165757,1.29044068430199,0.789214248584508,0.873483322127353
"standard","recursive_gamma_poisson","recruit_size",40,0.925,0.165728390290682,0.897932120660149,0.909168051523125,0.911762647780786
"dense_profiles","recursive_poisson","recruit_size",40,0.9,-0.0197524941783283,0.63082437160768,0.56610429347591,0.740264972587406
"diverse_initial","recursive_poisson","recruit_size",40,0.95,0.208899562062523,0.796359410688585,0.606680611674905,0.85931155027116
"longer_followup","recursive_poisson","recruit_size",40,0.9,0.345866529412395,1.48661267861406,0.690160362496525,0.99237427802949
"standard","recursive_poisson","recruit_size",36,0.916666666666667,0.185790936716303,0.956310090240958,0.82251581384208,1.07657346763535
"dense_profiles","one_step_gamma_poisson","recruitment",27,0.703703703703704,-0.0451875996660656,0.132320608168765,0.0445795226943835,1.82073924809959
"diverse_initial","one_step_gamma_poisson","recruitment",30,0.6,0.103961235409731,0.191797553990339,0.0766000681899524,1.65380498388785
"longer_followup","one_step_gamma_poisson","recruitment",30,0.366666666666667,-0.021249944030759,0.600453125819528,0.0665656088744123,7.47840865482852
"standard","one_step_gamma_poisson","recruitment",30,0.566666666666667,-0.0483486046530198,0.448697722242155,0.141025333680561,3.25553979899775
"dense_profiles","one_step_poisson","recruitment",27,0.62962962962963,-0.0550014878776603,0.149094612405804,0.0341832202181995,3.0903839133031
"diverse_initial","one_step_poisson","recruitment",30,0.566666666666667,0.0980933637976486,0.182680625637009,0.06384940018056,1.9509948244406
"longer_followup","one_step_poisson","recruitment",24,0.291666666666667,0.0474100364783508,0.416742620176891,0.0538872037744481,4.90560942129748
"standard","one_step_poisson","recruitment",30,0.466666666666667,-0.0712597457324533,0.485387866064527,0.0657088689563865,5.76795763387059
"dense_profiles","one_step_shared_gamma_poisson","recruitment",27,0.703703703703704,-0.0412529760132487,0.133806765453178,0.0438972103147498,2.06922600511066
"diverse_initial","one_step_shared_gamma_poisson","recruitment",27,0.592592592592593,0.101064521044364,0.184857181529322,0.0774768483316306,1.61315418466835
"longer_followup","one_step_shared_gamma_poisson","recruitment",30,0.266666666666667,0.161408342823391,0.241214108352001,0.0758180976959984,2.47959997946951
"standard","one_step_shared_gamma_poisson","recruitment",30,0.533333333333333,-0.0269072725246711,0.390460069536963,0.108585095744936,2.62787024812202
"dense_profiles","recursive_gamma_poisson","recruitment",30,0.633333333333333,-0.077420874766899,0.210112901159809,0.0496932458617285,3.94564524643816
"diverse_initial","recursive_gamma_poisson","recruitment",30,0.5,0.0859703051538053,0.214723993586296,0.0630036560542864,2.50346187076041
"longer_followup","recursive_gamma_poisson","recruitment",30,0.633333333333333,-0.0355635179571406,0.35390849323822,0.0503942118810785,72.6475549423067
"standard","recursive_gamma_poisson","recruitment",30,0.4,-0.0518198669769422,0.236114513026391,0.0741593372208516,3.27309189241936
"dense_profiles","recursive_poisson","recruitment",30,0.5,-0.0995789485002995,0.250279910426416,0.0362084917057263,11.0318496416037
"diverse_initial","recursive_poisson","recruitment",30,0.433333333333333,0.0831857445424722,0.226639881206132,0.0560802020126824,2.97778811804717
"longer_followup","recursive_poisson","recruitment",30,0.5,-0.0523268314442946,0.35406325517105,0.0399520272115115,106.303039566154
"standard","recursive_poisson","recruitment",27,0.333333333333333,-0.0574770761792127,0.247238211360205,0.0671885158773353,4.39193368384602
"dense_profiles","one_step_gamma_poisson","survival",27,1,0.00338094326349918,0.0129939452187197,0.022001639957759,0.486810196701818
"diverse_initial","one_step_gamma_poisson","survival",30,0.966666666666667,-0.00747207595248002,0.0335393305447787,0.0344367985030779,0.834754486338324
"longer_followup","one_step_gamma_poisson","survival",30,0.8,0.0195773635859988,0.0417810835591902,0.0345717862028584,1.08005820056381
"standard","one_step_gamma_poisson","survival",30,0.9,0.014034055512849,0.041181232808038,0.0449148497254484,0.753503079119447
"dense_profiles","one_step_poisson","survival",27,1,0.00482430055904752,0.0140676913239414,0.0210802481864906,0.555636748565023
"diverse_initial","one_step_poisson","survival",30,0.866666666666667,-0.00517178662525072,0.0351591274011748,0.0327818868430808,0.949345924450362
"longer_followup","one_step_poisson","survival",24,0.583333333333333,0.0387636712255594,0.0633532176856506,0.0328129784230437,1.80696042908106
"standard","one_step_poisson","survival",30,0.933333333333333,0.0137458722195799,0.041107115386741,0.0423784246532084,0.78425779350936
"dense_profiles","one_step_shared_gamma_poisson","survival",27,1,0.00542507992608286,0.0148398863052025,0.0249314488596717,0.506299671373222
"diverse_initial","one_step_shared_gamma_poisson","survival",27,1,-0.00980253406420458,0.0320209658313421,0.0404286707161972,0.648755711419353
"longer_followup","one_step_shared_gamma_poisson","survival",30,0.8,0.0484760563242845,0.0573995355781589,0.0427750701323639,1.32298010760656
"standard","one_step_shared_gamma_poisson","survival",30,0.966666666666667,0.0219453579491856,0.0409410046794771,0.0492590991743633,0.711488879978114
"dense_profiles","recursive_gamma_poisson","survival",30,0.933333333333333,0.00376912680469466,0.0135069800644125,0.0136341983696149,0.826008860389882
"diverse_initial","recursive_gamma_poisson","survival",30,0.866666666666667,-0.00602896423878297,0.0225507507955651,0.0175233950922048,1.09323038759245
"longer_followup","recursive_gamma_poisson","survival",30,0.866666666666667,0.00317407169956515,0.0223930573242434,0.0152636471365317,1.19886107731727
"standard","recursive_gamma_poisson","survival",30,0.866666666666667,0.00672757542170567,0.0321113690414392,0.0250853464123867,1.00068832671672
"dense_profiles","recursive_poisson","survival",30,0.933333333333333,0.00310982406000294,0.013587790938206,0.0119946725562287,0.963216299868393
"diverse_initial","recursive_poisson","survival",30,0.833333333333333,-0.00694350888508026,0.0221225735319797,0.016369571968759,1.16471044671189
"longer_followup","recursive_poisson","survival",30,0.733333333333333,0.00495930421717406,0.0223886403875051,0.0137919039014328,1.33591776319448
"standard","recursive_poisson","survival",27,0.888888888888889,0.0103604383377201,0.0351241738624822,0.0243514681774921,1.13800961297844
