"scenario","method","quantity","n","coverage","bias","rmse","mean_posterior_sd","mean_abs_standardized_bias"
"dense_profiles","one_step_gamma_poisson","growth_increment_110",9,1,-0.0180128921238024,0.440812102941006,0.621256556421999,0.622494230848303
"diverse_initial","one_step_gamma_poisson","growth_increment_110",10,1,0.0195664436667763,0.431695217975282,0.712452238905106,0.512155265362112
"longer_followup","one_step_gamma_poisson","growth_increment_110",10,0.8,-0.00609650376188737,1.01537097576114,0.874566949341461,2.7348577367375
"standard","one_step_gamma_poisson","growth_increment_110",10,1,0.0838664166912447,0.767879142333023,1.2421375334828,0.46197194044639
"dense_profiles","one_step_poisson","growth_increment_110",9,1,-0.063833505710094,0.430744343528712,0.618596714178638,0.64887697486975
"diverse_initial","one_step_poisson","growth_increment_110",10,0.9,-0.0200193114297852,0.501655518282178,0.65046549704055,0.790982716459709
"longer_followup","one_step_poisson","growth_increment_110",8,0.75,0.0860327715941958,1.07007663706708,0.859737901991768,2.16757682055254
"standard","one_step_poisson","growth_increment_110",10,1,0.0885444305364864,0.787050454169487,1.25207865621252,0.472142942766915
"dense_profiles","one_step_shared_gamma_poisson","growth_increment_110",9,1,-0.0155539638242906,0.411000359973729,0.552090111204298,0.682550747064862
"diverse_initial","one_step_shared_gamma_poisson","growth_increment_110",9,1,-0.0362341452710019,0.473407993169891,0.666231206205493,0.591322240967189
"longer_followup","one_step_shared_gamma_poisson","growth_increment_110",10,0.8,-0.319802018241563,1.14309455807595,0.859328915323777,2.97283565530562
"standard","one_step_shared_gamma_poisson","growth_increment_110",10,0.9,0.0482837304040481,0.749005610228251,1.13270654967732,0.71986189864683
"dense_profiles","recursive_gamma_poisson","growth_increment_110",10,0.9,-0.229712362646108,0.531504491026108,0.369778964787025,1.26523015730507
"diverse_initial","recursive_gamma_poisson","growth_increment_110",10,0.9,0.0327524955379577,0.403400598868981,0.347100469743638,0.928779248379417
"longer_followup","recursive_gamma_poisson","growth_increment_110",10,1,-0.123899987101566,0.388592853319023,0.350139341013606,1.00647087602456
"standard","recursive_gamma_poisson","growth_increment_110",10,0.8,-0.247864485739587,0.978333343211279,0.654475280031412,1.30208536648152
"dense_profiles","recursive_poisson","growth_increment_110",10,0.6,-0.342552657376586,0.784892936213984,0.328679464600178,2.0454017845656
"diverse_initial","recursive_poisson","growth_increment_110",10,0.9,0.00885533161204873,0.397321981933363,0.327817497921189,0.918367113766212
"longer_followup","recursive_poisson","growth_increment_110",10,0.9,-0.0111844593179996,0.372610163669643,0.326440915788903,0.938580013608632
"standard","recursive_poisson","growth_increment_110",9,0.666666666666667,-0.374555865344133,1.27249797804593,0.606725791805515,1.86449715214455
"dense_profiles","one_step_gamma_poisson","growth_increment_50",9,1,-0.13292239123037,0.487626598652269,0.693511910760458,0.561648204772057
"diverse_initial","one_step_gamma_poisson","growth_increment_50",10,0.8,-0.422780832360801,0.816304096359055,0.704501715468119,0.897642228444003
"longer_followup","one_step_gamma_poisson","growth_increment_50",10,0.7,-1.61958600884732,1.75281599116094,0.9318364063416,3.13941394575049
"standard","one_step_gamma_poisson","growth_increment_50",10,0.9,-0.747481075022437,1.40892357461092,1.48270882626298,0.759210931311638
"dense_profiles","one_step_poisson","growth_increment_50",9,1,-0.266794400983124,0.58462818652502,0.64740756758586,0.65823820559516
"diverse_initial","one_step_poisson","growth_increment_50",10,0.7,-0.583340172333187,0.993117280550701,0.63967040236266,1.23761333271303
"longer_followup","one_step_poisson","growth_increment_50",8,0.125,-3.01803786173104,3.25035997587006,0.795808772671956,5.10297943987224
"standard","one_step_poisson","growth_increment_50",10,0.9,-0.894272648565749,1.47128379841193,1.41009188442102,0.842948898175421
"dense_profiles","one_step_shared_gamma_poisson","growth_increment_50",9,0.777777777777778,-0.226157172894299,0.504247433775796,0.560825480806284,0.869753603368792
"diverse_initial","one_step_shared_gamma_poisson","growth_increment_50",9,0.888888888888889,-0.238065751922093,0.640297941712257,0.664795969023743,0.656971247852466
"longer_followup","one_step_shared_gamma_poisson","growth_increment_50",10,0.2,-2.59206738157996,2.70786710259974,0.883054856840736,4.02212207795633
"standard","one_step_shared_gamma_poisson","growth_increment_50",10,0.8,-0.984637306240625,1.49237630967799,1.28010153280277,1.00143674673578
"dense_profiles","recursive_gamma_poisson","growth_increment_50",10,0.9,-0.181871712378772,0.627763960029623,0.606805657223037,0.929374687086067
"diverse_initial","recursive_gamma_poisson","growth_increment_50",10,1,0.127917894272478,0.477361887470071,0.502316422502673,0.827927442083534
"longer_followup","recursive_gamma_poisson","growth_increment_50",10,1,0.0104974467063546,0.539347523274999,0.70904897767237,0.644630419742604
"standard","recursive_gamma_poisson","growth_increment_50",10,0.9,-0.0359770015057805,0.966502498938886,1.14585002040231,0.780417745024236
"dense_profiles","recursive_poisson","growth_increment_50",10,0.9,-0.11400227172471,0.612786742729729,0.499896208746704,1.01407745119564
"diverse_initial","recursive_poisson","growth_increment_50",10,0.9,0.0866166118152275,0.458778900281368,0.475403226916423,0.831270203670925
"longer_followup","recursive_poisson","growth_increment_50",10,0.9,0.0620449464150726,0.600805439740926,0.639059191516077,0.788736519693529
"standard","recursive_poisson","growth_increment_50",9,0.777777777777778,-0.0287411619353723,1.07995649801151,1.09433807113683,1.17506855131814
"dense_profiles","one_step_gamma_poisson","growth_increment_80",9,1,-0.0754676416770854,0.415697732687583,0.54355510681752,0.67839693069923
"diverse_initial","one_step_gamma_poisson","growth_increment_80",10,1,-0.201607194347015,0.471168311515935,0.55906139787879,0.703266875837824
"longer_followup","one_step_gamma_poisson","growth_increment_80",10,0.9,-0.812841256304605,1.0588391703488,0.733463966093502,3.16886425991179
"standard","one_step_gamma_poisson","growth_increment_80",10,1,-0.331954637253446,0.913240160561655,1.10823115507546,0.652890203027199
"dense_profiles","one_step_poisson","growth_increment_80",9,1,-0.165313953346609,0.458850735962262,0.514930256012943,0.769308199874548
"diverse_initial","one_step_poisson","growth_increment_80",10,0.9,-0.301679741881484,0.621617827559767,0.510038684816423,1.12386342080776
"longer_followup","one_step_poisson","growth_increment_80",8,0.5,-1.46600254506842,1.79983012131315,0.660491405606342,3.96631418565064
"standard","one_step_poisson","growth_increment_80",10,1,-0.403113636179661,0.918222049475806,1.08573678204666,0.666111873335571
"dense_profiles","one_step_shared_gamma_poisson","growth_increment_80",9,0.888888888888889,-0.120855568359295,0.398487433863939,0.461254171718559,0.897636528206555
"diverse_initial","one_step_shared_gamma_poisson","growth_increment_80",9,1,-0.137149948596549,0.448958757414058,0.527695091847103,0.744036178624627
"longer_followup","one_step_shared_gamma_poisson","growth_increment_80",10,0.6,-1.45593469991076,1.68519364452597,0.70127839813684,3.73776198089535
"standard","one_step_shared_gamma_poisson","growth_increment_80",10,0.9,-0.468176787918292,0.910508578641355,0.976564643400117,0.921515250756158
"dense_profiles","recursive_gamma_poisson","growth_increment_80",10,0.9,-0.205792037512441,0.516928131594852,0.429675576864359,1.11716659968896
"diverse_initial","recursive_gamma_poisson","growth_increment_80",10,0.9,0.0803351949052162,0.387732239105808,0.361945922534012,0.896468850877343
"longer_followup","recursive_gamma_poisson","growth_increment_80",10,1,-0.0567012701976052,0.389757311617697,0.471299857089247,0.739267955543972
"standard","recursive_gamma_poisson","growth_increment_80",10,0.7,-0.141920743622684,0.750583916591916,0.797720381465277,0.892772367739461
"dense_profiles","recursive_poisson","growth_increment_80",10,0.7,-0.228277464550646,0.59215333733772,0.358278823987114,1.5721612090316
"diverse_initial","recursive_poisson","growth_increment_80",10,0.9,0.0477359717136353,0.363180590938183,0.342465005366802,0.836531175356873
"longer_followup","recursive_poisson","growth_increment_80",10,1,0.0254302435485358,0.410284589634586,0.430460189355538,0.87117274050126
"standard","recursive_poisson","growth_increment_80",9,0.666666666666667,-0.201648513639751,0.914892583361964,0.74395091508646,1.35832552992185
"dense_profiles","one_step_gamma_poisson","growth_sd.log_growth_sd",9,1,0.198031941499094,0.506627750053094,0.539987801742612,0.699112043363458
"diverse_initial","one_step_gamma_poisson","growth_sd.log_growth_sd",10,0.2,1.18365931959586,1.33039243332387,0.484605799622293,2.43689866507713
"longer_followup","one_step_gamma_poisson","growth_sd.log_growth_sd",10,0,2.59288502664184,2.7018136156898,0.568262833044086,4.72036054838895
"standard","one_step_gamma_poisson","growth_sd.log_growth_sd",10,0.3,2.07956217177582,2.35508959292366,0.926128368952188,2.18464369284037
"dense_profiles","one_step_poisson","growth_sd.log_growth_sd",9,0.888888888888889,0.304497224894958,0.608123123510748,0.537980639560501,0.87694286521282
"diverse_initial","one_step_poisson","growth_sd.log_growth_sd",10,0.2,1.2291257412626,1.40918872321668,0.468438220951005,2.6175178261327
"longer_followup","one_step_poisson","growth_sd.log_growth_sd",8,0,2.83807061381907,2.90228281760775,0.466706035892699,6.16733268194233
"standard","one_step_poisson","growth_sd.log_growth_sd",10,0.3,2.0503181123019,2.31530000357745,0.894757769823248,2.27891420149024
"dense_profiles","one_step_shared_gamma_poisson","growth_sd.log_growth_sd",9,0.888888888888889,0.21935162914729,0.509627546290789,0.502943633165716,0.681438926075832
"diverse_initial","one_step_shared_gamma_poisson","growth_sd.log_growth_sd",9,0.222222222222222,0.990078953169141,1.0934469773408,0.461007382096721,2.14590254967751
"longer_followup","one_step_shared_gamma_poisson","growth_sd.log_growth_sd",10,0,2.72043751290266,2.77948906652252,0.50928104531987,5.42324559626111
"standard","one_step_shared_gamma_poisson","growth_sd.log_growth_sd",10,0.3,2.04052875827721,2.28942687552217,0.887746510125135,2.26368793306605
"dense_profiles","recursive_gamma_poisson","growth_sd.log_growth_sd",10,0.9,0.0073542562523262,0.600828767627897,0.500494120689081,0.81673569870269
"diverse_initial","recursive_gamma_poisson","growth_sd.log_growth_sd",10,0.7,0.406758385366312,0.711794571491437,0.408328514037895,1.4499498877095
"longer_followup","recursive_gamma_poisson","growth_sd.log_growth_sd",10,0.7,0.496705499562454,0.773844300158102,0.566996818062871,1.06307944286404
"standard","recursive_gamma_poisson","growth_sd.log_growth_sd",10,0.8,0.866800182933616,1.1247321815434,0.850070149359626,1.03406816006884
"dense_profiles","recursive_poisson","growth_sd.log_growth_sd",10,0.9,-0.0250774380278812,0.543043404070132,0.435125595802914,0.858561187783604
"diverse_initial","recursive_poisson","growth_sd.log_growth_sd",10,0.7,0.390721633311162,0.696920582261763,0.396501168114489,1.41497378511171
"longer_followup","recursive_poisson","growth_sd.log_growth_sd",10,0.7,0.482383519929387,0.804224811277166,0.534313799309479,0.999631927075377
"standard","recursive_poisson","growth_sd.log_growth_sd",9,0.777777777777778,0.912734209557166,1.17046893072633,0.819937038249439,1.14809107758185
"dense_profiles","one_step_gamma_poisson","lambda",9,1,0.00259703211834042,0.0211139565783752,0.0297656656314302,0.583272051213469
"diverse_initial","one_step_gamma_poisson","lambda",10,1,-0.0230320037196707,0.0372970808721695,0.045262179118895,0.726793817051257
"longer_followup","one_step_gamma_poisson","lambda",10,1,0.00297479708920561,0.0289482962554704,0.0397742414986546,0.627134752208363
"standard","one_step_gamma_poisson","lambda",10,1,-0.0200118283854189,0.0333257472744074,0.0555043778058925,0.468436451532159
"dense_profiles","one_step_poisson","lambda",9,1,0.00256788374509546,0.0209832330962197,0.0289388763679697,0.585114370633092
"diverse_initial","one_step_poisson","lambda",10,1,-0.0248359478159086,0.0375370163822438,0.0446327477898858,0.713977826751193
"longer_followup","one_step_poisson","lambda",8,0.875,-0.0130883161997547,0.0280753670331725,0.0362680865845641,0.687829870817484
"standard","one_step_poisson","lambda",10,0.9,-0.0266199484975488,0.0382275472805125,0.0481566249269448,0.629550052345111
"dense_profiles","one_step_shared_gamma_poisson","lambda",9,1,0.00728464692120396,0.0191430911201281,0.0341849540386535,0.460442728610595
"diverse_initial","one_step_shared_gamma_poisson","lambda",9,1,-0.0241453492764477,0.0384837924798979,0.0563567770327759,0.588708956106703
"longer_followup","one_step_shared_gamma_poisson","lambda",10,1,0.00728236701146812,0.0231525897455635,0.0510019020984647,0.350974595203529
"standard","one_step_shared_gamma_poisson","lambda",10,1,-0.0124870965912256,0.0282060193334681,0.0683529117244826,0.33455162398066
"dense_profiles","recursive_gamma_poisson","lambda",10,0.6,0.00445444907733528,0.0166558777473621,0.0100459778619338,1.35871032857677
"diverse_initial","recursive_gamma_poisson","lambda",10,0.6,-0.0124721621020905,0.0249468964074245,0.0143742358545834,1.6095526461766
"longer_followup","recursive_gamma_poisson","lambda",10,0.3,0.00338672021335791,0.0206720211498032,0.0070693278986088,2.45811513879233
"standard","recursive_gamma_poisson","lambda",10,0.8,-0.00799662053720281,0.0347052650090824,0.0175315760542089,1.48055924922199
"dense_profiles","recursive_poisson","lambda",10,0.6,0.0048667922556983,0.0191107700846622,0.00831981030394694,1.79498145653854
"diverse_initial","recursive_poisson","lambda",10,0.6,-0.0139690214099493,0.0231107353203277,0.0128306876498938,1.54934316308999
"longer_followup","recursive_poisson","lambda",10,0.3,0.00522787690091806,0.0208068210745106,0.00601259317915443,2.89522995381829
"standard","recursive_poisson","lambda",9,0.666666666666667,-0.00926441902668641,0.0360170765821869,0.0158842614290348,1.80254186797305
"dense_profiles","one_step_gamma_poisson","recruit_mean_110",9,1,0.0579829716332259,0.155271876677745,0.231223181479171,0.524582635989879
"diverse_initial","one_step_gamma_poisson","recruit_mean_110",10,1,0.0710721119259247,0.215114380586651,0.299380078622796,0.76590567962969
"longer_followup","one_step_gamma_poisson","recruit_mean_110",10,1,0.0575077006568193,1.03528717455044,1.26382869288281,0.530898220666935
"standard","one_step_gamma_poisson","recruit_mean_110",10,1,0.0480766504715568,0.65064193349475,1.12864694838148,0.592892370890301
"dense_profiles","one_step_poisson","recruit_mean_110",9,1,0.0221803747076032,0.16343236923441,0.196398571530713,0.645403404108038
"diverse_initial","one_step_poisson","recruit_mean_110",10,1,0.0625981474649422,0.249905899709124,0.256826084423138,0.98663766785806
"longer_followup","one_step_poisson","recruit_mean_110",8,1,-0.137265731163398,0.480756263467528,0.554349001386427,0.803970008694395
"standard","one_step_poisson","recruit_mean_110",10,1,-0.115385945969443,0.493803629888954,1.08661252117557,0.666207706761895
"dense_profiles","one_step_shared_gamma_poisson","recruit_mean_110",9,1,0.0191924065200837,0.16676670006947,0.191891401870002,0.72450672590472
"diverse_initial","one_step_shared_gamma_poisson","recruit_mean_110",9,1,0.0931315999317953,0.234900751424927,0.272296491687489,0.894364387678357
"longer_followup","one_step_shared_gamma_poisson","recruit_mean_110",10,0.8,0.0919471655801544,0.20413657892537,0.177227313271135,0.915576835384912
"standard","one_step_shared_gamma_poisson","recruit_mean_110",10,1,-0.214866267352406,0.802673529754933,0.719030908417705,0.677092670780196
"dense_profiles","recursive_gamma_poisson","recruit_mean_110",10,1,-0.0230872442246643,0.219847675696601,0.2998884351385,0.632089477008423
"diverse_initial","recursive_gamma_poisson","recruit_mean_110",10,0.9,0.0596410041398492,0.290495320997605,0.28110767641626,0.851059098335624
"longer_followup","recursive_gamma_poisson","recruit_mean_110",10,1,0.632614040539117,1.82535513379087,0.926236552014652,0.734721920226869
"standard","recursive_gamma_poisson","recruit_mean_110",10,0.9,-0.079176860584964,0.383129480133202,0.43177430739805,0.86387135241339
"dense_profiles","recursive_poisson","recruit_mean_110",10,0.8,-0.0174604142273282,0.255086912648905,0.245655975027476,0.847653601844947
"diverse_initial","recursive_poisson","recruit_mean_110",10,1,0.0642445072018482,0.282658540887745,0.262625862296395,0.952588662605964
"longer_followup","recursive_poisson","recruit_mean_110",10,1,0.747824003471688,2.24376716384192,0.84515914747826,0.880124680386941
"standard","recursive_poisson","recruit_mean_110",9,0.888888888888889,-0.0593437164624701,0.397553004130123,0.403994075577389,0.961052475608768
"dense_profiles","one_step_gamma_poisson","recruit_mean_50",9,1,0.49192685116216,0.645013285190623,1.26437755583476,0.440219149559121
"diverse_initial","one_step_gamma_poisson","recruit_mean_50",10,0.9,0.559484388340945,1.18568068376018,1.55594181320146,0.726637169322246
"longer_followup","one_step_gamma_poisson","recruit_mean_50",10,0.7,0.620492946466965,1.05951212485932,0.851886264958793,2.37523290827292
"standard","one_step_gamma_poisson","recruit_mean_50",10,0.7,0.45886124944558,1.29472334366717,1.35855402029415,1.63901231937532
"dense_profiles","one_step_poisson","recruit_mean_50",9,1,0.372957966076548,0.619258410506261,1.07156339088225,0.475033540353342
"diverse_initial","one_step_poisson","recruit_mean_50",10,1,0.385518174590008,1.24784330048639,1.38232014697635,0.818503650700235
"longer_followup","one_step_poisson","recruit_mean_50",8,0.75,0.588141602878332,0.961198974516175,0.716250659486676,1.94924847015037
"standard","one_step_poisson","recruit_mean_50",10,0.7,0.535776592985898,1.24229287530647,1.18665449929658,1.76167603647487
"dense_profiles","one_step_shared_gamma_poisson","recruit_mean_50",9,1,0.290028344621185,0.799063725031538,1.04342696637797,0.644117839222019
"diverse_initial","one_step_shared_gamma_poisson","recruit_mean_50",9,0.888888888888889,0.486491662782491,1.24225944724399,1.44307962118678,0.770717811903467
"longer_followup","one_step_shared_gamma_poisson","recruit_mean_50",10,0.8,0.274271141104923,0.8087086300154,0.829498900023351,0.938037039421076
"standard","one_step_shared_gamma_poisson","recruit_mean_50",10,0.8,0.460013195475629,1.26178691722306,1.24577713792079,1.38362514741216
"dense_profiles","recursive_gamma_poisson","recruit_mean_50",10,0.9,-0.0164524168590724,0.872628884402592,1.51865021483002,0.376807639502489
"diverse_initial","recursive_gamma_poisson","recruit_mean_50",10,0.9,0.641157706291443,1.43696366241789,1.35795426916148,1.08286023779162
"longer_followup","recursive_gamma_poisson","recruit_mean_50",10,0.8,0.224948246791987,1.2112847920216,1.09187294235054,1.06973183537028
"standard","recursive_gamma_poisson","recruit_mean_50",10,0.9,0.550719611942631,1.5289817944443,1.92622094003533,0.861579705297393
"dense_profiles","recursive_poisson","recruit_mean_50",10,0.9,-0.0565963114020158,1.05653550252944,1.20999852462355,0.564005427648844
"diverse_initial","recursive_poisson","recruit_mean_50",10,0.9,0.49223385646279,1.34785196020186,1.29471760401704,1.07820719326942
"longer_followup","recursive_poisson","recruit_mean_50",10,0.8,0.146088791568876,1.17453172236343,0.921293203514923,1.19743210488365
"standard","recursive_poisson","recruit_mean_50",9,0.888888888888889,0.597612605998952,1.62933085527786,1.73369451366888,1.04198156518224
"dense_profiles","one_step_gamma_poisson","recruit_mean_80",9,1,0.274954911397697,0.364667996768412,0.721796863675684,0.444797691256506
"diverse_initial","one_step_gamma_poisson","recruit_mean_80",10,0.9,0.315278250133436,0.677592876036586,0.898847121031146,0.787168865960724
"longer_followup","one_step_gamma_poisson","recruit_mean_80",10,1,0.339000323561891,0.777030402991929,1.00974612006887,0.662885935253927
"standard","one_step_gamma_poisson","recruit_mean_80",10,0.9,0.253468949958564,0.755647105071215,1.11282427611512,0.730340155089502
"dense_profiles","one_step_poisson","recruit_mean_80",9,1,0.197569170392072,0.352344697948889,0.612642891857518,0.507529090217276
"diverse_initial","one_step_poisson","recruit_mean_80",10,0.9,0.224058161027475,0.728891012185939,0.801275415789967,0.879021606633532
"longer_followup","one_step_poisson","recruit_mean_80",8,0.875,0.225437935857464,0.456196273744153,0.582059889177836,0.977510009308448
"standard","one_step_poisson","recruit_mean_80",10,0.9,0.210195323508217,0.60069512272487,1.02940846962939,0.688492329871068
"dense_profiles","one_step_shared_gamma_poisson","recruit_mean_80",9,1,0.154610375570636,0.456193158187203,0.59784594089935,0.631090284252232
"diverse_initial","one_step_shared_gamma_poisson","recruit_mean_80",9,0.888888888888889,0.289811631357136,0.718582394497121,0.838371236120476,0.796054952506357
"longer_followup","one_step_shared_gamma_poisson","recruit_mean_80",10,0.8,0.183109153342543,0.473043835108784,0.45073171781544,1.04478204663875
"standard","one_step_shared_gamma_poisson","recruit_mean_80",10,0.8,0.122573464061605,0.646003869627168,0.806511274682923,0.931152543197885
"dense_profiles","recursive_gamma_poisson","recruit_mean_80",10,1,-0.0197698305418804,0.5201697016619,0.885503937609678,0.392523337523614
"diverse_initial","recursive_gamma_poisson","recruit_mean_80",10,0.9,0.35039935521564,0.844560818309426,0.791277388258177,1.15176964922246
"longer_followup","recursive_gamma_poisson","recruit_mean_80",10,0.9,0.428781143665552,1.35433333291058,0.988246133035782,0.847183449754341
"standard","recursive_gamma_poisson","recruit_mean_80",10,0.9,0.235771375678824,0.833921434585028,1.06964367918425,0.943130673916164
"dense_profiles","recursive_poisson","recruit_mean_80",10,0.9,-0.0370283628146773,0.630434302179371,0.710132782236732,0.573121229534934
"diverse_initial","recursive_poisson","recruit_mean_80",10,0.9,0.27823918183231,0.79922373073402,0.757675862040493,1.12432860135772
"longer_followup","recursive_poisson","recruit_mean_80",10,0.9,0.446956397520291,1.55015087744476,0.868929867569251,0.951088989048671
"standard","recursive_poisson","recruit_mean_80",9,0.888888888888889,0.26913444476825,0.888189395763224,0.958846860747229,1.11792464206146
"dense_profiles","one_step_gamma_poisson","recruit_sd.log_recruit_sd",9,1,0.0626285993447868,0.116546011830468,0.113428117333511,0.800380643057481
"diverse_initial","one_step_gamma_poisson","recruit_sd.log_recruit_sd",10,1,-0.0267543471246576,0.0884810424544689,0.138931555485373,0.533132177474041
"longer_followup","one_step_gamma_poisson","recruit_sd.log_recruit_sd",10,1,-0.0888297638749437,0.153984647266606,0.163824671703081,0.839258792190309
"standard","one_step_gamma_poisson","recruit_sd.log_recruit_sd",10,1,-0.140372641697302,0.227220498816631,0.246278452848103,0.848712749125021
"dense_profiles","one_step_poisson","recruit_sd.log_recruit_sd",9,1,0.0376517319854854,0.0945838558547442,0.0964008697708,0.768142872843167
"diverse_initial","one_step_poisson","recruit_sd.log_recruit_sd",10,1,-0.0350760653668337,0.080936843144195,0.116351118225966,0.637613061955506
"longer_followup","one_step_poisson","recruit_sd.log_recruit_sd",8,0.5,-0.220268818074809,0.260755066539893,0.138572616236274,1.65251629155676
"standard","one_step_poisson","recruit_sd.log_recruit_sd",10,1,-0.132682748488123,0.236132373789422,0.210612208056225,1.04005765248776
"dense_profiles","one_step_shared_gamma_poisson","recruit_sd.log_recruit_sd",9,1,0.036672795926816,0.105929013721443,0.0929118863009416,0.973016191697125
"diverse_initial","one_step_shared_gamma_poisson","recruit_sd.log_recruit_sd",9,1,-0.0135651845711149,0.0529223906983697,0.116516757537948,0.40950453311549
"longer_followup","one_step_shared_gamma_poisson","recruit_sd.log_recruit_sd",10,1,-0.131550698108545,0.171884253510156,0.149059739546635,1.02104876648475
"standard","one_step_shared_gamma_poisson","recruit_sd.log_recruit_sd",10,1,-0.140836268656347,0.244075631393238,0.209325805943286,1.0215106769506
"dense_profiles","recursive_gamma_poisson","recruit_sd.log_recruit_sd",10,1,0.0436024891234406,0.121430335797901,0.124662557647128,0.833646822628573
"diverse_initial","recursive_gamma_poisson","recruit_sd.log_recruit_sd",10,1,-0.000160747342453685,0.0616539423805474,0.125383018121796,0.381638339353903
"longer_followup","recursive_gamma_poisson","recruit_sd.log_recruit_sd",10,1,0.0303495176663731,0.166125405446992,0.150501366937055,0.842296083157917
"standard","recursive_gamma_poisson","recruit_sd.log_recruit_sd",10,1,-0.0444005658737643,0.212437962481624,0.209033279474868,0.978468859496195
"dense_profiles","recursive_poisson","recruit_sd.log_recruit_sd",10,1,0.0320751117307081,0.11390145206548,0.0986298920158805,0.976279631320898
"diverse_initial","recursive_poisson","recruit_sd.log_recruit_sd",10,1,0.00088070275314398,0.0373351689951077,0.111703118345696,0.282121743851538
"longer_followup","recursive_poisson","recruit_sd.log_recruit_sd",10,0.9,0.0425969250887269,0.151938901036765,0.125259231423667,0.940851337798699
"standard","recursive_poisson","recruit_sd.log_recruit_sd",9,1,-0.064239587439521,0.237630227427109,0.193527805374828,1.18533518768894
"dense_profiles","one_step_gamma_poisson","recruitment_110",9,0.777777777777778,-0.127916977907669,0.216928259463135,0.095242886951259,1.42792637846289
"diverse_initial","one_step_gamma_poisson","recruitment_110",10,0.6,0.172604814776891,0.286485304450558,0.145412565937508,1.90114248110316
"longer_followup","one_step_gamma_poisson","recruitment_110",10,0.4,-0.385710623542747,0.966337567868666,0.101255253822979,14.5649638686962
"standard","one_step_gamma_poisson","recruitment_110",10,0.7,-0.403677470631913,0.720426423359138,0.28299607169767,4.48293937423744
"dense_profiles","one_step_poisson","recruitment_110",9,0.777777777777778,-0.149979987499236,0.245759477655009,0.0740430671346828,2.03842268854329
"diverse_initial","one_step_poisson","recruitment_110",10,0.5,0.159083483031003,0.269796605214625,0.118496895344237,2.3485149125113
"longer_followup","one_step_poisson","recruitment_110",8,0.5,-0.171104473640237,0.650809369148164,0.0840327266184591,6.02696161792396
"standard","one_step_poisson","recruitment_110",10,0.6,-0.453821166599262,0.790070179344145,0.10367522219814,10.9709986420675
"dense_profiles","one_step_shared_gamma_poisson","recruitment_110",9,0.777777777777778,-0.111382442341286,0.220223958709653,0.0952917345168104,1.64198173836185
"diverse_initial","one_step_shared_gamma_poisson","recruitment_110",9,0.666666666666667,0.165674127266574,0.27235231495115,0.150499485409355,1.73299414122233
"longer_followup","one_step_shared_gamma_poisson","recruitment_110",10,0.4,0.196913394194147,0.325194277313818,0.132866114098625,2.02638110201946
"standard","one_step_shared_gamma_poisson","recruitment_110",10,0.7,-0.340918887834107,0.617984631572756,0.201188191013452,3.32625860019061
"dense_profiles","recursive_gamma_poisson","recruitment_110",10,0.7,-0.200554008949553,0.352188174908873,0.108698882007962,2.10908371498933
"diverse_initial","recursive_gamma_poisson","recruitment_110",10,0.5,0.107595392787248,0.311444247990669,0.127150939789638,2.2015957430275
"longer_followup","recursive_gamma_poisson","recruitment_110",10,0.6,-0.191964815030495,0.585073078039106,0.101001281367591,212.949502877277
"standard","recursive_gamma_poisson","recruitment_110",10,0.6,-0.237813140351819,0.368242055053245,0.15803695381941,1.9360550071115
"dense_profiles","recursive_poisson","recruitment_110",10,0.5,-0.256347133378057,0.420947247355188,0.0803401678170493,3.44644310294549
"diverse_initial","recursive_poisson","recruitment_110",10,0.5,0.102489082667711,0.334694603251578,0.112337386215596,2.68202990394506
"longer_followup","recursive_poisson","recruitment_110",10,0.5,-0.242455312948134,0.585821000288698,0.0793638017946783,312.458199352451
"standard","recursive_poisson","recruitment_110",9,0.555555555555556,-0.264149447717029,0.38735571409864,0.145873146976003,2.34957362795167
"dense_profiles","one_step_gamma_poisson","recruitment_50",9,0.666666666666667,0.00216163551955364,0.0182487320993955,0.00678885075044079,2.08677152897872
"diverse_initial","one_step_gamma_poisson","recruitment_50",10,0.6,0.0315703906091826,0.0503607729686753,0.0198801261171608,1.33032425446337
"longer_followup","one_step_gamma_poisson","recruitment_50",10,0.2,0.221046512664143,0.341628987360864,0.0299288008465055,5.88635230957579
"standard","one_step_gamma_poisson","recruitment_50",10,0.4,0.152729048416023,0.260168412589603,0.0349674311141829,3.65117636527453
"dense_profiles","one_step_poisson","recruitment_50",9,0.555555555555556,0.00114175245635599,0.0186437934567365,0.00495165113501011,3.95973752233098
"diverse_initial","one_step_poisson","recruitment_50",10,0.6,0.030582602243862,0.0486803911167126,0.0172570491339796,1.55815065788762
"longer_followup","one_step_poisson","recruitment_50",8,0.125,0.138242025221138,0.227361885895182,0.0238344496131182,5.02948226213307
"standard","one_step_poisson","recruitment_50",10,0.3,0.150383420509529,0.254572456008373,0.0287749035256386,4.26558571301514
"dense_profiles","one_step_shared_gamma_poisson","recruitment_50",9,0.666666666666667,0.00102672667222376,0.0173472756871176,0.00623943528945748,2.4266892208401
"diverse_initial","one_step_shared_gamma_poisson","recruitment_50",9,0.555555555555556,0.0315371863347448,0.0506891208716437,0.0192715793912953,1.34563733636613
"longer_followup","one_step_shared_gamma_poisson","recruitment_50",10,0.2,0.070224262055726,0.0818836498783737,0.0287668354437647,2.21569221708351
"standard","one_step_shared_gamma_poisson","recruitment_50",10,0.4,0.130689853577942,0.216136067603519,0.0499043265376927,2.61462215106099
"dense_profiles","recursive_gamma_poisson","recruitment_50",10,0.6,-0.000820322458996553,0.0168052760521272,0.00691396107928979,6.04479217505758
"diverse_initial","recursive_gamma_poisson","recruitment_50",10,0.5,0.03865420347683,0.0706679781090445,0.0141997141981518,2.33483868751046
"longer_followup","recursive_gamma_poisson","recruitment_50",10,0.6,0.0604009431843719,0.153886472211568,0.0137213697491537,2.05967610579316
"standard","recursive_gamma_poisson","recruitment_50",10,0.3,0.0329608618274045,0.0627268641438608,0.0194458198283668,4.10239917880345
"dense_profiles","recursive_poisson","recruitment_50",10,0.5,-0.0017345132646597,0.017936248527611,0.00489018677919806,21.0465546362827
"diverse_initial","recursive_poisson","recruitment_50",10,0.4,0.0382945620216297,0.071578515336748,0.0127446603653105,2.81960206213536
"longer_followup","recursive_poisson","recruitment_50",10,0.5,0.0601621754010033,0.149092789665223,0.011866186788589,2.47227490710312
"standard","recursive_poisson","recruitment_50",9,0.222222222222222,0.0356649297905341,0.0631983387418896,0.0171613276033046,5.92833533096379
"dense_profiles","one_step_gamma_poisson","recruitment_80",9,0.666666666666667,-0.00980745661008112,0.0716613149580363,0.0317068303814508,1.94751983685717
"diverse_initial","one_step_gamma_poisson","recruitment_80",10,0.6,0.107708500843119,0.160464538231659,0.0645075125151884,1.72994821609702
"longer_followup","one_step_gamma_poisson","recruitment_80",10,0.5,0.100914278786327,0.176389367139256,0.0685127719537528,1.98390978621358
"standard","one_step_gamma_poisson","recruitment_80",10,0.6,0.105902608256831,0.13148042992195,0.105112498229829,1.63250365748127
"dense_profiles","one_step_poisson","recruitment_80",9,0.555555555555556,-0.0161662285901006,0.0770863052272606,0.0235549423849055,3.27299152903504
"diverse_initial","one_step_poisson","recruitment_80",10,0.6,0.104614006118081,0.157976720705221,0.0557942560634636,1.94631890292287
"longer_followup","one_step_poisson","recruitment_80",8,0.25,0.175092557854151,0.213955538107469,0.053794435091767,3.66038438383542
"standard","one_step_poisson","recruitment_80",10,0.5,0.0896585088923732,0.133364605203183,0.0646764811453813,2.0672885465291
"dense_profiles","one_step_shared_gamma_poisson","recruitment_80",9,0.666666666666667,-0.0134032123706841,0.0700944468528691,0.0301604611379814,2.13900705613003
"diverse_initial","one_step_shared_gamma_poisson","recruitment_80",9,0.555555555555556,0.105982249531772,0.160534613884058,0.0626594801942417,1.76083107641661
"longer_followup","one_step_shared_gamma_poisson","recruitment_80",10,0.2,0.217087372220298,0.249191669381406,0.0658213435456052,3.19672661930557
"standard","one_step_shared_gamma_poisson","recruitment_80",10,0.5,0.129507216682152,0.169580049325393,0.0746627696836642,1.94272999311445
"dense_profiles","recursive_gamma_poisson","recruitment_80",10,0.6,-0.030888292892147,0.0901297168116258,0.0334668944979333,3.68305984926758
"diverse_initial","recursive_gamma_poisson","recruitment_80",10,0.5,0.111661319197338,0.190598262133866,0.0476603141750692,2.97395118174326
"longer_followup","recursive_gamma_poisson","recruitment_80",10,0.7,0.024873317974701,0.0988033996508512,0.0364599845264908,2.93348584385006
"standard","recursive_gamma_poisson","recruitment_80",10,0.3,0.0493926775935882,0.166473178590157,0.0449952380147778,3.78082149134312
"dense_profiles","recursive_poisson","recruitment_80",10,0.5,-0.0406551988581814,0.101989247580376,0.0233951205209315,8.60255118558293
"diverse_initial","recursive_poisson","recruitment_80",10,0.4,0.108773588938076,0.192231490541598,0.043158559457141,3.43173238806108
"longer_followup","recursive_poisson","recruitment_80",10,0.5,0.0253126432142473,0.103283404657046,0.0286260930512672,3.97864443890816
"standard","recursive_poisson","recruitment_80",9,0.222222222222222,0.0560532893888563,0.171294250356453,0.0385310730526979,4.89789209262258
"dense_profiles","one_step_gamma_poisson","survival_110",9,1,-0.000420672228230934,0.0152600172644985,0.0278435657124827,0.445217942862366
"diverse_initial","one_step_gamma_poisson","survival_110",10,1,-0.0289841521945121,0.0404747552195307,0.0447905478537321,0.783067651789095
"longer_followup","one_step_gamma_poisson","survival_110",10,1,-0.0137993667192057,0.0292869446498094,0.0432452531186488,0.578542788285038
"standard","one_step_gamma_poisson","survival_110",10,1,-0.0071145196478378,0.0413077191679447,0.058047906554656,0.577182767182623
"dense_profiles","one_step_poisson","survival_110",9,1,-0.000891899235824012,0.0152864415827251,0.0268497013112855,0.42888451491954
"diverse_initial","one_step_poisson","survival_110",10,1,-0.0302606919232971,0.0394739845444306,0.0434670163064823,0.788360548346278
"longer_followup","one_step_poisson","survival_110",8,1,-0.0139291060285278,0.0332010362571848,0.041714055027012,0.675747094264082
"standard","one_step_poisson","survival_110",10,1,-0.0087758398858517,0.0410478044763198,0.0538810515608017,0.600761660871031
"dense_profiles","one_step_shared_gamma_poisson","survival_110",9,1,0.00386918083281655,0.0185012774583395,0.0316023616758344,0.49273257342269
"diverse_initial","one_step_shared_gamma_poisson","survival_110",9,1,-0.0260610766917213,0.0390052003764634,0.0528390058095154,0.600761925887352
"longer_followup","one_step_shared_gamma_poisson","survival_110",10,1,0.0239938669731278,0.0377287194217789,0.0518864608607607,0.541022409883611
"standard","one_step_shared_gamma_poisson","survival_110",10,1,0.00579485606713737,0.0371644652635511,0.0609171547508991,0.534737274475113
"dense_profiles","recursive_gamma_poisson","survival_110",10,1,0.0037929304417036,0.0152994728145399,0.0160193301952226,0.860918703242742
"diverse_initial","recursive_gamma_poisson","survival_110",10,0.8,-0.00995285737392685,0.0254890568871542,0.0187141523752598,1.22082586640051
"longer_followup","recursive_gamma_poisson","survival_110",10,0.8,0.0147413840518525,0.0263570241535228,0.0147463709621162,1.52667157064989
"standard","recursive_gamma_poisson","survival_110",10,0.9,0.00761189250380215,0.0404866964926006,0.0298595651059952,1.12821241975914
"dense_profiles","recursive_poisson","survival_110",10,1,0.00428856687770777,0.0148118542574231,0.0143669713744281,0.934404555723854
"diverse_initial","recursive_poisson","survival_110",10,0.8,-0.0118625671289863,0.0241733348973432,0.0173437740902361,1.27830367908105
"longer_followup","recursive_poisson","survival_110",10,0.6,0.0151634703806568,0.0268077442517102,0.0138579730596301,1.68689666489243
"standard","recursive_poisson","survival_110",9,0.888888888888889,0.0132956128853823,0.0443989279452679,0.0285613460746023,1.32360788973953
"dense_profiles","one_step_gamma_poisson","survival_50",9,1,0.00651521055748145,0.0116276002200201,0.0170365635729179,0.49579261476719
"diverse_initial","one_step_gamma_poisson","survival_50",10,0.9,0.0163359224811474,0.0327977925693783,0.0254687318425628,1.04100358184442
"longer_followup","one_step_gamma_poisson","survival_50",10,0.4,0.0532204482739006,0.0607682128203931,0.027657175410935,2.03856934948628
"standard","one_step_gamma_poisson","survival_50",10,0.7,0.0329551490543928,0.044726597857699,0.0336256978423598,0.994115095172815
"dense_profiles","one_step_poisson","survival_50",9,1,0.00993318326848939,0.0141608211558143,0.016189932554905,0.703121556451916
"diverse_initial","one_step_poisson","survival_50",10,0.6,0.0224911581599213,0.0396536163408364,0.0230624800035778,1.38681483466207
"longer_followup","one_step_poisson","survival_50",8,0,0.0921157945433444,0.0937996589150411,0.0264163906832641,3.49773448828834
"standard","one_step_poisson","survival_50",10,0.8,0.0346602225191224,0.0459958290226522,0.0326923150943939,1.04798442266581
"dense_profiles","one_step_shared_gamma_poisson","survival_50",9,1,0.00542779577839133,0.0109253510370285,0.0171303282542069,0.513713607040546
"diverse_initial","one_step_shared_gamma_poisson","survival_50",9,1,0.00814284789608533,0.026779103452585,0.0266983303216477,0.696090013045307
"longer_followup","one_step_shared_gamma_poisson","survival_50",10,0.4,0.0664235622671806,0.0692164344361822,0.0306169815818007,2.24496628490575
"standard","one_step_shared_gamma_poisson","survival_50",10,0.9,0.0338005993378521,0.0444745735597913,0.0362291224168927,0.940353778942154
"dense_profiles","recursive_gamma_poisson","survival_50",10,0.9,0.00283250640784141,0.0113691477422089,0.0124713569020977,0.573888128954558
"diverse_initial","recursive_gamma_poisson","survival_50",10,0.9,-0.00102433910076433,0.0204904884565655,0.018333234161259,0.79389001107818
"longer_followup","recursive_gamma_poisson","survival_50",10,0.9,-0.0109726944275454,0.0208137271454999,0.0168331098146127,1.05327115606693
"standard","recursive_gamma_poisson","survival_50",10,0.9,0.00288212781871686,0.0197117201884156,0.0216937035375004,0.735389065553667
"dense_profiles","recursive_poisson","survival_50",10,0.9,0.00101999882292296,0.0127202719139989,0.0107153933581777,0.819276390705202
"diverse_initial","recursive_poisson","survival_50",10,0.9,-0.000576300456719881,0.0203913665571038,0.0172020259734019,0.867172460528884
"longer_followup","recursive_poisson","survival_50",10,0.8,-0.0079771542291105,0.0186413626360504,0.0146606869795583,1.05545346501824
"standard","recursive_poisson","survival_50",9,1,0.00334927390347367,0.0210132488832853,0.0218036516622331,0.792760759043576
"dense_profiles","one_step_gamma_poisson","survival_80",9,1,0.00404829146124703,0.0117668442350473,0.0211247905878765,0.519420032475897
"diverse_initial","one_step_gamma_poisson","survival_80",10,1,-0.00976799814407537,0.0257052343438236,0.0330511158129389,0.680192225381455
"longer_followup","one_step_gamma_poisson","survival_80",10,1,0.0193110092033013,0.0262006872779037,0.0328129300789914,0.623062463920113
"standard","one_step_gamma_poisson","survival_80",10,1,0.0162615371319919,0.037160268943959,0.0430709447793294,0.689211375002903
"dense_profiles","one_step_poisson","survival_80",9,1,0.00543161764447718,0.0126291593341784,0.0202011106932813,0.534904174323613
"diverse_initial","one_step_poisson","survival_80",10,1,-0.00774582611237633,0.0240393006161978,0.0318161642191823,0.67286239034274
"longer_followup","one_step_poisson","survival_80",8,0.75,0.0381043251618616,0.046262357832771,0.0303084895588551,1.24739970469077
"standard","one_step_poisson","survival_80",10,1,0.0153532340254689,0.0356208684123405,0.0405619073044296,0.704027296991238
"dense_profiles","one_step_shared_gamma_poisson","survival_80",9,1,0.0069782631670407,0.0141069526752325,0.026061656648974,0.512452833656429
"diverse_initial","one_step_shared_gamma_poisson","survival_80",9,1,-0.0114893733969778,0.0289396046998506,0.0417486760174284,0.649415195325399
"longer_followup","one_step_shared_gamma_poisson","survival_80",10,1,0.0550107397325453,0.0605784531702434,0.0458217679545301,1.18295162803032
"standard","one_step_shared_gamma_poisson","survival_80",10,1,0.0262406184425675,0.0408572199353297,0.050631020355298,0.659375586517073
"dense_profiles","recursive_gamma_poisson","survival_80",10,0.9,0.00468194356453897,0.0135640754419271,0.0124119080115243,1.04321974897235
"diverse_initial","recursive_gamma_poisson","survival_80",10,0.9,-0.00710969624165774,0.0213554898362413,0.0155227987400957,1.26497528529866
"longer_followup","recursive_gamma_poisson","survival_80",10,0.9,0.0057535254743883,0.0194021413525378,0.0142114606328661,1.01664050523501
"standard","recursive_gamma_poisson","survival_80",10,0.8,0.00968870594259799,0.032644992869905,0.0237027705936644,1.13846349483736
"dense_profiles","recursive_poisson","survival_80",10,0.9,0.00402090647937811,0.0131410746756863,0.0109016529360804,1.13596795317612
"diverse_initial","recursive_poisson","survival_80",10,0.8,-0.0083916590695346,0.0216348521813361,0.014562915842639,1.34865520052572
"longer_followup","recursive_poisson","survival_80",10,0.8,0.00769159649997591,0.0209188456280272,0.0128570516651099,1.26540315967278
"standard","recursive_poisson","survival_80",9,0.777777777777778,0.0144364282243043,0.0358929148613713,0.0226894067956409,1.29766019015222
