"scenario","method","quantity","n","coverage","rmse","mean_posterior_sd"
"dense_profiles","maturity_fixed_recruitment_slope","growth_increment_110",10,1,0.41258698218468,0.596430825419937
"rich_design","maturity_fixed_recruitment_slope","growth_increment_110",10,0.7,0.683625809259255,0.487011677951242
"standard","maturity_fixed_recruitment_slope","growth_increment_110",10,0.9,1.37864188568141,1.46116208696588
"dense_profiles","maturity_shape_informed","growth_increment_110",10,1,0.37531359205816,0.584286463856696
"rich_design","maturity_shape_informed","growth_increment_110",10,0.7,0.6531499678105,0.479218825446676
"standard","maturity_shape_informed","growth_increment_110",10,0.9,1.35437660307233,1.48175406543127
"dense_profiles","maturity_weak","growth_increment_110",10,1,0.349701518718212,0.5731629921884
"rich_design","maturity_weak","growth_increment_110",10,0.7,0.655236930417791,0.48514594042654
"standard","maturity_weak","growth_increment_110",10,0.9,1.38629088567713,1.43281080252783
"dense_profiles","ungated_weak","growth_increment_110",10,1,0.367036964095994,0.574942890439022
"rich_design","ungated_weak","growth_increment_110",10,0.7,0.64303930048821,0.471109680437371
"standard","ungated_weak","growth_increment_110",10,1,1.38205106309324,1.54127705739011
"dense_profiles","maturity_fixed_recruitment_slope","growth_increment_50",10,0.9,0.889931302916946,0.648327961896235
"rich_design","maturity_fixed_recruitment_slope","growth_increment_50",10,0.2,2.14081909886788,0.583959892512766
"standard","maturity_fixed_recruitment_slope","growth_increment_50",10,0.3,3.17497452666873,1.27550907617691
"dense_profiles","maturity_shape_informed","growth_increment_50",10,0.9,0.800924009066218,0.622453598742999
"rich_design","maturity_shape_informed","growth_increment_50",10,0.2,1.9953316034535,0.587682702929861
"standard","maturity_shape_informed","growth_increment_50",10,0.4,2.6435551227062,1.26786414731719
"dense_profiles","maturity_weak","growth_increment_50",10,0.9,0.767950487847278,0.617157313937477
"rich_design","maturity_weak","growth_increment_50",10,0.2,1.99380804995351,0.593431181844174
"standard","maturity_weak","growth_increment_50",10,0.4,2.48841182554979,1.32207167384058
"dense_profiles","ungated_weak","growth_increment_50",10,0.9,0.749684167776525,0.622548378755077
"rich_design","ungated_weak","growth_increment_50",10,0.2,1.91388058455059,0.587539986082213
"standard","ungated_weak","growth_increment_50",10,0.8,2.23474191045554,1.37465217968989
"dense_profiles","maturity_fixed_recruitment_slope","growth_increment_80",10,1,0.590083811840246,0.514741795994722
"rich_design","maturity_fixed_recruitment_slope","growth_increment_80",10,0.4,1.36133534197375,0.446126213425596
"standard","maturity_fixed_recruitment_slope","growth_increment_80",10,0.7,1.50166788259828,1.07998403464117
"dense_profiles","maturity_shape_informed","growth_increment_80",10,1,0.520826124150926,0.499402498466284
"rich_design","maturity_shape_informed","growth_increment_80",10,0.5,1.26881552104986,0.444849468840263
"standard","maturity_shape_informed","growth_increment_80",10,0.8,1.25443417616319,1.09385500998697
"dense_profiles","maturity_weak","growth_increment_80",10,1,0.485438048437365,0.48783783937785
"rich_design","maturity_weak","growth_increment_80",10,0.4,1.26618545869876,0.444549426670572
"standard","maturity_weak","growth_increment_80",10,0.8,1.15972514082347,1.10001939977372
"dense_profiles","ungated_weak","growth_increment_80",10,1,0.485553264532464,0.490511681798127
"rich_design","ungated_weak","growth_increment_80",10,0.4,1.21463897137416,0.442456930368015
"standard","ungated_weak","growth_increment_80",10,1,1.10021365080545,1.18547855136164
"dense_profiles","maturity_fixed_recruitment_slope","growth_sd.log_growth_sd",10,0.9,0.54736467860117,0.505805461258398
"rich_design","maturity_fixed_recruitment_slope","growth_sd.log_growth_sd",10,0,1.82596718560296,0.3999549673474
"standard","maturity_fixed_recruitment_slope","growth_sd.log_growth_sd",10,0,2.92841754894787,0.781091830089938
"dense_profiles","maturity_shape_informed","growth_sd.log_growth_sd",10,0.9,0.532185351162467,0.49219403158045
"rich_design","maturity_shape_informed","growth_sd.log_growth_sd",10,0.1,1.7468977062689,0.394138669912639
"standard","maturity_shape_informed","growth_sd.log_growth_sd",10,0,2.88664414050947,0.772438008153148
"dense_profiles","maturity_weak","growth_sd.log_growth_sd",10,0.9,0.513393292577363,0.479246952545354
"rich_design","maturity_weak","growth_sd.log_growth_sd",10,0,1.73917830410885,0.397079030532088
"standard","maturity_weak","growth_sd.log_growth_sd",10,0,2.87731321725053,0.791743177686688
"dense_profiles","ungated_weak","growth_sd.log_growth_sd",10,0.9,0.500185919847672,0.481773972345803
"rich_design","ungated_weak","growth_sd.log_growth_sd",10,0,1.71023536947365,0.398938802004015
"standard","ungated_weak","growth_sd.log_growth_sd",10,0,2.82436348786695,0.815856540908577
"dense_profiles","maturity_fixed_recruitment_slope","lambda",10,1,0.0160277951684339,0.0282302580711942
"rich_design","maturity_fixed_recruitment_slope","lambda",10,0.9,0.0173978869996449,0.0252644450982503
"standard","maturity_fixed_recruitment_slope","lambda",10,1,0.032733398529718,0.0586456619143453
"dense_profiles","maturity_shape_informed","lambda",10,1,0.0240068360311921,0.0280407666183869
"rich_design","maturity_shape_informed","lambda",10,0.9,0.0216025287649259,0.0243979792293255
"standard","maturity_shape_informed","lambda",10,1,0.0411718211475402,0.0560269650037571
"dense_profiles","maturity_weak","lambda",10,0.8,0.0272200792695174,0.028084836047608
"rich_design","maturity_weak","lambda",10,0.9,0.0223328194190509,0.0248619712419545
"standard","maturity_weak","lambda",10,1,0.0569909898552033,0.0531676354560621
"dense_profiles","ungated_weak","lambda",10,1,0.0246435517158952,0.0287593866778317
"rich_design","ungated_weak","lambda",10,0.9,0.0217938738974323,0.0247887996968497
"standard","ungated_weak","lambda",10,1,0.0478804284137582,0.0582862083216033
"dense_profiles","maturity_fixed_recruitment_slope","recruit_mean_110",10,1,0.183059211576142,0.213869580156976
"rich_design","maturity_fixed_recruitment_slope","recruit_mean_110",10,0.9,0.217450003713192,0.183356244044187
"standard","maturity_fixed_recruitment_slope","recruit_mean_110",10,1,0.320779691856043,0.330938610080555
"dense_profiles","maturity_shape_informed","recruit_mean_110",10,1,0.182869370493726,0.20638244644795
"rich_design","maturity_shape_informed","recruit_mean_110",10,0.9,0.165435499411854,0.169753997435417
"standard","maturity_shape_informed","recruit_mean_110",10,1,0.223405684697277,0.27917047463231
"dense_profiles","maturity_weak","recruit_mean_110",10,1,0.201995775998786,0.198875042068476
"rich_design","maturity_weak","recruit_mean_110",10,1,0.164078908889769,0.172577588361575
"standard","maturity_weak","recruit_mean_110",10,1,0.201385309285826,0.264023963821596
"dense_profiles","ungated_weak","recruit_mean_110",10,1,0.178409360535785,0.176126256987212
"rich_design","ungated_weak","recruit_mean_110",10,1,0.123008566999694,0.131694126323261
"standard","ungated_weak","recruit_mean_110",10,0.9,1.26745814099521,0.772627568533397
"dense_profiles","maturity_fixed_recruitment_slope","recruit_mean_50",10,1,0.950290548777004,1.36930003351346
"rich_design","maturity_fixed_recruitment_slope","recruit_mean_50",10,1,0.622763871286062,0.879906086608023
"standard","maturity_fixed_recruitment_slope","recruit_mean_50",10,1,1.00963433045635,1.78539491908138
"dense_profiles","maturity_shape_informed","recruit_mean_50",10,1,1.07113308589522,1.32891725085598
"rich_design","maturity_shape_informed","recruit_mean_50",10,1,0.71276721648727,0.854744718358122
"standard","maturity_shape_informed","recruit_mean_50",10,1,0.865952222274416,1.7994188839507
"dense_profiles","maturity_weak","recruit_mean_50",10,1,1.12189193188611,1.31129516733014
"rich_design","maturity_weak","recruit_mean_50",10,1,0.737850213941462,0.874789852634756
"standard","maturity_weak","recruit_mean_50",10,1,0.934685253722692,1.76967694063507
"dense_profiles","ungated_weak","recruit_mean_50",10,1,1.00100848812743,1.12435189530493
"rich_design","ungated_weak","recruit_mean_50",10,1,0.71288266253501,0.752364567594718
"standard","ungated_weak","recruit_mean_50",10,0.9,1.11748732924441,1.32005543516475
"dense_profiles","maturity_fixed_recruitment_slope","recruit_mean_80",10,1,0.539267490064742,0.777623548072157
"rich_design","maturity_fixed_recruitment_slope","recruit_mean_80",10,1,0.381781849443823,0.520879616089151
"standard","maturity_fixed_recruitment_slope","recruit_mean_80",10,1,0.593658718748375,1.02337308668309
"dense_profiles","maturity_shape_informed","recruit_mean_80",10,1,0.59984441735417,0.749280929784015
"rich_design","maturity_shape_informed","recruit_mean_80",10,1,0.39865567992005,0.4998174495853
"standard","maturity_shape_informed","recruit_mean_80",10,1,0.457027508252841,0.988661706362085
"dense_profiles","maturity_weak","recruit_mean_80",10,1,0.635677106601957,0.733999853385061
"rich_design","maturity_weak","recruit_mean_80",10,1,0.410161200931066,0.511303501689279
"standard","maturity_weak","recruit_mean_80",10,1,0.477254159042062,0.926188745919259
"dense_profiles","ungated_weak","recruit_mean_80",10,0.9,0.557195713598552,0.61729701820416
"rich_design","ungated_weak","recruit_mean_80",10,1,0.388332095319621,0.420189074938709
"standard","ungated_weak","recruit_mean_80",10,1,0.98501931294884,0.822185458676275
"dense_profiles","maturity_fixed_recruitment_slope","recruit_sd.log_recruit_sd",10,1,0.117108061965307,0.100849326760908
"rich_design","maturity_fixed_recruitment_slope","recruit_sd.log_recruit_sd",10,0.7,0.169527536233213,0.092094215237687
"standard","maturity_fixed_recruitment_slope","recruit_sd.log_recruit_sd",10,0.6,0.447183994501764,0.225034858885801
"dense_profiles","maturity_shape_informed","recruit_sd.log_recruit_sd",10,0.9,0.113066970459997,0.0991297875902743
"rich_design","maturity_shape_informed","recruit_sd.log_recruit_sd",10,0.7,0.149343384869103,0.0915785839249701
"standard","maturity_shape_informed","recruit_sd.log_recruit_sd",10,0.8,0.355558947100429,0.214898106966651
"dense_profiles","maturity_weak","recruit_sd.log_recruit_sd",10,1,0.114398150987623,0.0975538472950215
"rich_design","maturity_weak","recruit_sd.log_recruit_sd",10,0.7,0.150557740073669,0.0920982454231189
"standard","maturity_weak","recruit_sd.log_recruit_sd",10,0.9,0.338911747946888,0.21082034295113
"dense_profiles","ungated_weak","recruit_sd.log_recruit_sd",10,1,0.112366969010279,0.101475470189065
"rich_design","ungated_weak","recruit_sd.log_recruit_sd",10,0.7,0.14492847152271,0.0925066478002887
"standard","ungated_weak","recruit_sd.log_recruit_sd",10,1,0.291919069986614,0.221492797479458
"dense_profiles","maturity_fixed_recruitment_slope","recruitment_110",10,0.3,0.260037532148563,0.0749291097116163
"rich_design","maturity_fixed_recruitment_slope","recruitment_110",10,0.6,0.267160970245463,0.0812214295736811
"standard","maturity_fixed_recruitment_slope","recruitment_110",10,0.5,0.442774365196606,0.176892410989562
"dense_profiles","maturity_shape_informed","recruitment_110",10,0.6,0.241748278367833,0.117613020770597
"rich_design","maturity_shape_informed","recruitment_110",10,0.5,0.284785502113582,0.126360620652047
"standard","maturity_shape_informed","recruitment_110",10,0.8,0.32301768444208,0.206213211009427
"dense_profiles","maturity_weak","recruitment_110",10,0.6,0.256433303065551,0.120555804586563
"rich_design","maturity_weak","recruitment_110",10,0.5,0.295347786751889,0.126828550400542
"standard","maturity_weak","recruitment_110",10,0.8,0.321499123685695,0.209401847462777
"dense_profiles","ungated_weak","recruitment_110",10,0.3,0.354196108059621,0.0921419025268974
"rich_design","ungated_weak","recruitment_110",10,0.5,0.265799098801636,0.0928621061401567
"standard","ungated_weak","recruitment_110",10,0.5,0.913609650692508,0.210670293028771
"dense_profiles","maturity_fixed_recruitment_slope","recruitment_50",10,0.3,1.93516439004295e-05,5.57612371158409e-06
"rich_design","maturity_fixed_recruitment_slope","recruitment_50",10,0.6,1.98817605965039e-05,6.04438970485121e-06
"standard","maturity_fixed_recruitment_slope","recruitment_50",10,0.5,3.29506735921036e-05,1.31640956514029e-05
"dense_profiles","maturity_shape_informed","recruitment_50",10,0.7,0.000156146328406306,8.65204032329966e-05
"rich_design","maturity_shape_informed","recruitment_50",10,0.5,0.000172387344027667,7.82901686722092e-05
"standard","maturity_shape_informed","recruitment_50",10,0.4,0.00040047059303224,0.000234043693016604
"dense_profiles","maturity_weak","recruitment_50",10,0.6,0.000252214580267037,0.000117885184947022
"rich_design","maturity_weak","recruitment_50",10,0.5,0.000200030392893934,8.53003918281211e-05
"standard","maturity_weak","recruitment_50",10,0.2,0.00157927723254363,0.000785232686893129
"dense_profiles","ungated_weak","recruitment_50",10,0,0.0357915082570734,0.0101151118629187
"rich_design","ungated_weak","recruitment_50",10,0,0.0440262423697582,0.0100841474707052
"standard","ungated_weak","recruitment_50",10,0,0.229758266891906,0.0616742924449279
"dense_profiles","maturity_fixed_recruitment_slope","recruitment_80",10,0.3,0.0200549449436559,0.00577877799995852
"rich_design","maturity_fixed_recruitment_slope","recruitment_80",10,0.6,0.0206043277872111,0.006264062287034
"standard","maturity_fixed_recruitment_slope","recruitment_80",10,0.5,0.0341482071572922,0.0136425212700429
"dense_profiles","maturity_shape_informed","recruitment_80",10,0.7,0.0616330833991808,0.0384758256826988
"rich_design","maturity_shape_informed","recruitment_80",10,0.5,0.0804141173634184,0.0357126693573027
"standard","maturity_shape_informed","recruitment_80",10,0.6,0.135600540106814,0.0736248453210673
"dense_profiles","maturity_weak","recruitment_80",10,0.7,0.0896061178303265,0.0451923391970832
"rich_design","maturity_weak","recruitment_80",10,0.5,0.0908706779695346,0.0374947367779112
"standard","maturity_weak","recruitment_80",10,0.2,0.327559653880565,0.129413110487105
"dense_profiles","ungated_weak","recruitment_80",10,0.4,0.0924924426378615,0.0415028756724583
"rich_design","ungated_weak","recruitment_80",10,0.2,0.13459773661309,0.0405374112864698
"standard","ungated_weak","recruitment_80",10,0.1,0.243369797825561,0.0901104568445898
"dense_profiles","maturity_fixed_recruitment_slope","survival_110",10,1,0.0152497600373265,0.0265453897867727
"rich_design","maturity_fixed_recruitment_slope","survival_110",10,1,0.0142051015173213,0.0249187005440976
"standard","maturity_fixed_recruitment_slope","survival_110",10,1,0.0475922441822936,0.0602917117952848
"dense_profiles","maturity_shape_informed","survival_110",10,1,0.0153479587060453,0.0267960086220097
"rich_design","maturity_shape_informed","survival_110",10,1,0.0149046383899335,0.0249978183120791
"standard","maturity_shape_informed","survival_110",10,1,0.048478473760692,0.0591311887401937
"dense_profiles","maturity_weak","survival_110",10,1,0.0143717808277319,0.0264761312324095
"rich_design","maturity_weak","survival_110",10,1,0.0147114189435678,0.0247679398391938
"standard","maturity_weak","survival_110",10,1,0.0526963070025512,0.0580968923839168
"dense_profiles","ungated_weak","survival_110",10,1,0.0147549932299707,0.0273852138271306
"rich_design","ungated_weak","survival_110",10,1,0.0149044097740877,0.0251729924391306
"standard","ungated_weak","survival_110",10,0.9,0.0540894195341855,0.0585581169768024
"dense_profiles","maturity_fixed_recruitment_slope","survival_50",10,1,0.0190032635623659,0.0167874852043999
"rich_design","maturity_fixed_recruitment_slope","survival_50",10,0.1,0.0557498007804361,0.018446723890671
"standard","maturity_fixed_recruitment_slope","survival_50",10,0.3,0.0939195332159983,0.0398326641191848
"dense_profiles","maturity_shape_informed","survival_50",10,0.9,0.0189863951549885,0.016045888243373
"rich_design","maturity_shape_informed","survival_50",10,0.2,0.0519217369840421,0.0181220513967021
"standard","maturity_shape_informed","survival_50",10,0.5,0.0791709154822015,0.0367593406450042
"dense_profiles","maturity_weak","survival_50",10,1,0.0189293156846698,0.0161677547575134
"rich_design","maturity_weak","survival_50",10,0.2,0.0520561790848492,0.0180408382614899
"standard","maturity_weak","survival_50",10,0.5,0.0757309695019884,0.0363724536151694
"dense_profiles","ungated_weak","survival_50",10,0.9,0.0183040088137915,0.0162079018730023
"rich_design","ungated_weak","survival_50",10,0.2,0.0502557976142518,0.0176506603277311
"standard","ungated_weak","survival_50",10,0.6,0.066909792540934,0.0356649824104325
"dense_profiles","maturity_fixed_recruitment_slope","survival_80",10,1,0.0158309439158822,0.0209101029134177
"rich_design","maturity_fixed_recruitment_slope","survival_80",10,0.9,0.0300237856862761,0.0195545004174493
"standard","maturity_fixed_recruitment_slope","survival_80",10,1,0.0347231443676458,0.0415833568488301
"dense_profiles","maturity_shape_informed","survival_80",10,1,0.0158414312860249,0.0209627007264438
"rich_design","maturity_shape_informed","survival_80",10,0.9,0.0282427908056582,0.0194864558575011
"standard","maturity_shape_informed","survival_80",10,1,0.0268758868122248,0.0407549440529765
"dense_profiles","maturity_weak","survival_80",10,1,0.0150366194233375,0.0207327501122216
"rich_design","maturity_weak","survival_80",10,0.9,0.0282100930192259,0.0195851318869981
"standard","maturity_weak","survival_80",10,1,0.0258994573427396,0.0402216377177107
"dense_profiles","ungated_weak","survival_80",10,1,0.0149274436102783,0.0213141254951958
"rich_design","ungated_weak","survival_80",10,0.9,0.0269637559443577,0.0196742780801661
"standard","ungated_weak","survival_80",10,1,0.0262031841232934,0.0405607897512568
