"parameter","truth","prior_mean","prior_sd","posterior_mean","posterior_sd","q025","median","q975","covers_truth","contraction","standardized_bias","rhat","ess","transitions","prior_regime"
"survival_at_80",0.36,0.405465108108164,1.5,0.30911123351415,0.067143662841842,0.186162967911499,0.303408140382287,0.4549871360995,TRUE,0.955237558105439,-0.757908703993691,1.03038438116384,223.37634803496,2,"weak"
"survival_slope_20",0.64,0.5,1,0.649096173373663,0.0515029584547857,0.549195382506615,0.649817701938065,0.748828251363617,TRUE,0.948497041545214,0.176614579949787,1.01414438167986,209.524609071685,2,"weak"
"growth_increment_80",8.4,8,6,8.29285639277829,0.571595598563873,7.03038595497622,8.30698629883299,9.37057596312583,TRUE,0.904734066906021,-0.187446522490569,1.012225496583,199.937184978803,2,"weak"
"growth_slope_20",-2.4,-2,3,-2.63277073969093,0.24210458711361,-3.10549964037359,-2.62893092531296,-2.15190304620077,TRUE,0.91929847096213,-0.961447044296192,1.01546794441097,182.678839377648,2,"weak"
"log_growth_sd",1.50407739677627,1.6094379124341,0.7,1.54446983084526,0.11310349552401,1.32503736202802,1.54073766577193,1.76735305500834,TRUE,0.838423577822843,0.357128078861271,1.02039140678602,121.951354645357,2,"weak"
"log_recruitment_at_80",-1.69314718055995,-1.6094379124341,1.5,-1.6560159907921,0.329075870103001,-2.35901477518789,-1.63004371407084,-1.07268324750563,TRUE,0.780616086597999,0.112834738555052,1.06231306902817,74.7984286225723,2,"weak"
"recruitment_slope_20",1.5,1,1,1.54591455904071,0.205849905840201,1.13306428204395,1.5436556687999,1.96118993078576,TRUE,0.794150094159799,0.22304872500817,1.0542538939434,78.4636993761554,2,"weak"
"recruit_mean_80",44.6,45,10,47.5639229519433,1.24882551123344,45.5646642859621,47.4813633989287,50.3326733159457,FALSE,0.875117448876656,2.37336835713415,1.01440152097354,148.529769346277,2,"weak"
"recruit_mean_slope_20",0.4,0,2,-1.39239451673254,0.639774942854296,-2.66672721770646,-1.38637253097313,-0.305227408663697,FALSE,0.680112528572852,-2.8016016206198,1.0112170509038,150.29295274179,2,"weak"
"log_recruit_sd",1.25276296849537,1.38629436111989,0.7,1.29738007119147,0.0522063552065282,1.18414861229129,1.30204267976248,1.37999522443055,TRUE,0.925419492562103,0.854629719305278,1.00941123694413,227.279507555894,2,"weak"
"survival_at_80",0.36,0.405465108108164,1.5,0.36717893114316,0.0367936215862059,0.294987219374922,0.368149025770611,0.44208383187427,TRUE,0.975470918942529,0.195113468956585,1.0064835850836,305.196418777168,4,"weak"
"survival_slope_20",0.64,0.5,1,0.623651886596404,0.0266571448317608,0.571003281823181,0.624002852200442,0.675969539852452,TRUE,0.973342855168239,-0.613273233377877,1.00454832084614,315.229483243836,4,"weak"
"growth_increment_80",8.4,8,6,7.87399270060576,0.307181816954878,7.25023624578238,7.87072960726176,8.49387415240638,TRUE,0.94880303050752,-1.71236469856388,1.01080421230317,258.091346196306,4,"weak"
"growth_slope_20",-2.4,-2,3,-2.39397126827136,0.121378276005695,-2.61898605771098,-2.39366831511819,-2.15010256538078,TRUE,0.959540574664768,0.0496689517023209,1.01098154976063,297.641133682981,4,"weak"
"log_growth_sd",1.50407739677627,1.6094379124341,0.7,1.54889483165282,0.0732068816281709,1.39949604533401,1.55148290914054,1.69499288163829,TRUE,0.895418740531184,0.612202485337094,1.03144623073163,323.884219905222,4,"weak"
"log_recruitment_at_80",-1.69314718055995,-1.6094379124341,1.5,-1.77311153844276,0.191514885736837,-2.19616711953794,-1.75789728381229,-1.43525408913202,TRUE,0.872323409508776,-0.417535992438184,1.00898891109921,211.203908914572,4,"weak"
"recruitment_slope_20",1.5,1,1,1.60938938956837,0.107739366508002,1.40629011178126,1.60370523465899,1.83883554689271,TRUE,0.892260633491998,1.01531495045727,1.00874050773174,222.563349822244,4,"weak"
"recruit_mean_80",44.6,45,10,43.9149837899845,0.545702470758278,42.7776697215809,43.9189471535941,44.9659960833042,TRUE,0.945429752924172,-1.25529248394936,1.01282426638835,236.571581866018,4,"weak"
"recruit_mean_slope_20",0.4,0,2,0.72989555269754,0.266547646210106,0.207175173077333,0.727455108047145,1.25999909251562,TRUE,0.866726176894947,1.23766072365726,1.01525060425124,242.247231865589,4,"weak"
"log_recruit_sd",1.25276296849537,1.38629436111989,0.7,1.33158509939981,0.0202942998460104,1.29064985647067,1.33201803291701,1.36889458932964,FALSE,0.971008143077128,3.88395418923175,1.00860618787154,238.41381984549,4,"weak"
"survival_at_80",0.36,0.405465108108164,1.5,0.354104595293045,0.0240248368398108,0.308687490428588,0.354267872227094,0.40081988401286,TRUE,0.983983442106793,-0.24538791860536,1.01181029564943,296.610513295965,8,"weak"
"survival_slope_20",0.64,0.5,1,0.603106401252457,0.0135388357222841,0.577082340979113,0.602583340620555,0.628913888320641,FALSE,0.986461164277716,-2.72502004635586,1.00363731245466,329.189032530674,8,"weak"
"growth_increment_80",8.4,8,6,8.05579814084701,0.193711184887679,7.66838392401952,8.06367655310833,8.4082496833735,TRUE,0.96771480251872,-1.77688169814547,1.01066409331442,314.988429542709,8,"weak"
"growth_slope_20",-2.4,-2,3,-2.37374553898261,0.0760086758321339,-2.51210356450965,-2.3729521236516,-2.21579330449833,TRUE,0.974663774722622,0.345414003466865,1.01224928449402,211.046631505934,8,"weak"
"log_growth_sd",1.50407739677627,1.6094379124341,0.7,1.59748525760211,0.048224751405711,1.50457471602409,1.59806851610344,1.69002867359284,FALSE,0.931107497991841,1.93692778299676,1.00746564939277,300.337686634084,8,"weak"
"log_recruitment_at_80",-1.69314718055995,-1.6094379124341,1.5,-1.4706485209448,0.0790365659104555,-1.62929049163478,-1.46547419561761,-1.32562724678489,FALSE,0.947308956059696,2.81513571664063,1.0102170336217,341.154594470314,8,"weak"
"recruitment_slope_20",1.5,1,1,1.44327178432688,0.0464605375337965,1.36190991022546,1.44128971007143,1.53545597685381,TRUE,0.953539462466203,-1.22099783352393,1.01024737028926,329.01515027343,8,"weak"
"recruit_mean_80",44.6,45,10,44.5029575856853,0.26359673104325,44.0066308372064,44.4917501131662,45.0524513384092,TRUE,0.973640326895675,-0.368147260137301,1.00870445156277,317.277556126538,8,"weak"
"recruit_mean_slope_20",0.4,0,2,0.452058901260987,0.11756356899535,0.207833426130684,0.455418869865579,0.676959634085469,TRUE,0.941218215502325,0.442814910314998,1.0088016470776,318.948758564218,8,"weak"
"log_recruit_sd",1.25276296849537,1.38629436111989,0.7,1.32559171901217,0.0112766416875066,1.30360194888962,1.32513890706262,1.34659678704941,FALSE,0.98389051187499,6.45837231819512,1.00810238127697,304.069395590961,8,"weak"
"survival_at_80",0.36,0.405465108108164,1.5,0.359401474951755,0.0179809870126811,0.326220318499194,0.359034720912652,0.39443345860951,TRUE,0.988012675324879,-0.0332865513902504,1.00745529219174,237.645436749187,12,"weak"
"survival_slope_20",0.64,0.5,1,0.63290392546123,0.00964178140494174,0.613231263178674,0.632938230256234,0.651726961739351,TRUE,0.990358218595058,-0.7359713149204,1.03150731936035,210.134736567079,12,"weak"
"growth_increment_80",8.4,8,6,8.054560084667,0.146868962360227,7.77286136852009,8.05436094542341,8.34189297619848,FALSE,0.975521839606629,-2.35202802404049,1.0121469625655,256.760450389917,12,"weak"
"growth_slope_20",-2.4,-2,3,-2.32880913366424,0.0527399975142308,-2.43234128553045,-2.32671422220299,-2.22840503578844,TRUE,0.98242000082859,1.34984584169819,1.01147391110733,222.215075227361,12,"weak"
"log_growth_sd",1.50407739677627,1.6094379124341,0.7,1.5734309826788,0.0369550977490479,1.49850330627859,1.57397619020569,1.64345633688844,TRUE,0.947207003215646,1.87669875407957,1.01478361122421,266.306488788197,12,"weak"
"log_recruitment_at_80",-1.69314718055995,-1.6094379124341,1.5,-1.4561755638828,0.0632044860935894,-1.59014002685346,-1.45552734335105,-1.3399082988473,FALSE,0.957863675937607,3.74928476320898,1.01942212704395,276.90424054374,12,"weak"
"recruitment_slope_20",1.5,1,1,1.42681308800179,0.0345021131899365,1.36202029580266,1.42637028733844,1.49681620186004,FALSE,0.965497886810064,-2.1212298387439,1.01322104336284,296.194662091275,12,"weak"
"recruit_mean_80",44.6,45,10,44.6628368823385,0.19660998293662,44.2923827096698,44.6650966330663,45.0586145180115,TRUE,0.980339001706338,0.319601687564073,1.03048654222522,219.920499565706,12,"weak"
"recruit_mean_slope_20",0.4,0,2,0.380593696006776,0.078176874979506,0.223330376458797,0.380589756196787,0.534184618447564,TRUE,0.960911562510247,-0.248235862565646,1.03377409524336,208.100734949792,12,"weak"
"log_recruit_sd",1.25276296849537,1.38629436111989,0.7,1.31332859488605,0.00805892530080061,1.29764667437448,1.31306669970204,1.32897875889313,FALSE,0.988487249570285,7.51534778274534,1.03259046937674,312.188385279566,12,"weak"
"survival_at_80",0.36,0.36,0.3,0.33479450241849,0.0645311118816497,0.218270269831896,0.333250603476067,0.467894056832088,TRUE,0.784896293727834,-0.390594503124887,1.02012561218225,272.522966339836,2,"informative"
"survival_slope_20",0.64,0.64,0.2,0.646851921718153,0.0492404379644116,0.550390698047544,0.647049498623491,0.742203267936342,TRUE,0.753797810177942,0.139152330917642,1.01452759977632,249.407794980629,2,"informative"
"growth_increment_80",8.4,8.4,2,8.16790517102749,0.525406115110226,7.08865423263023,8.18753307704066,9.13638546347155,TRUE,0.737296942444887,-0.441743676553546,1.02691471937123,242.027610277046,2,"informative"
"growth_slope_20",-2.4,-2.4,1,-2.52264030901158,0.219935863715361,-2.92261986131077,-2.53193394921261,-2.05050745760553,TRUE,0.780064136284639,-0.557618511778051,1.0250571015275,250.962963214307,2,"informative"
"log_growth_sd",1.50407739677627,1.50407739677627,0.2,1.55806697877986,0.10153967810629,1.35875986680196,1.55743467995738,1.75835316766471,TRUE,0.492301609468549,0.531709209744325,1.01237702301296,371.984495698579,2,"informative"
"log_recruitment_at_80",-1.69314718055995,-1.69314718055995,0.3,-1.65161501253834,0.212220206859625,-2.09905341694329,-1.6429061786662,-1.27663383961991,TRUE,0.292599310467916,0.195703173774951,1.01895151474261,274.110114275283,2,"informative"
"recruitment_slope_20",1.5,1.5,0.3,1.54071181274127,0.130021185736349,1.30322811452854,1.53799157958305,1.8045579082908,TRUE,0.566596047545502,0.313116762554538,1.02002023444911,284.720117954682,2,"informative"
"recruit_mean_80",44.6,44.6,2,45.2295155893958,0.704993988286679,43.8188432422844,45.2293907375712,46.6166532786781,TRUE,0.64750300585666,0.892937528340719,1.02754143084181,265.710869038546,2,"informative"
"recruit_mean_slope_20",0.4,0.4,0.5,-0.0386860163597744,0.41623010128585,-0.869959078662127,-0.034471267792915,0.771292090559261,TRUE,0.167539797428301,-1.0539507234209,1.02599410242766,263.781376733473,2,"informative"
"log_recruit_sd",1.25276296849537,1.25276296849537,0.2,1.35667624351818,0.0253903949984557,1.30542016337045,1.35714766938467,1.40556701274863,FALSE,0.873048025007721,4.09262144323205,1.01019229853506,291.362227389931,2,"informative"
"survival_at_80",0.36,0.36,0.3,0.367275008794132,0.0342940155682911,0.30312294043137,0.366620370852875,0.438359660166054,TRUE,0.885686614772363,0.212136393874479,1.00622624425045,257.401944296335,4,"informative"
"survival_slope_20",0.64,0.64,0.2,0.626411179128192,0.0256120262076716,0.576270348232859,0.627085382437255,0.672908898194099,TRUE,0.871939868961642,-0.530564070238907,1.01056718064096,337.549296538641,4,"informative"
"growth_increment_80",8.4,8.4,2,7.9283385543044,0.303013757638152,7.29597349293793,7.93682222879142,8.47344295570942,TRUE,0.848493121180924,-1.55656775907462,1.01787551815454,287.755304999271,4,"informative"
"growth_slope_20",-2.4,-2.4,1,-2.3732778628483,0.123452775392781,-2.6179757180253,-2.37779066214133,-2.11605622830821,TRUE,0.876547224607219,0.216456349941751,1.00586719636612,241.069477114473,4,"informative"
"log_growth_sd",1.50407739677627,1.50407739677627,0.2,1.53648365542353,0.0767529667676739,1.38146199493049,1.53601654654012,1.68082285713938,TRUE,0.61623516616163,0.422215062322584,1.01655775596874,241.958374825988,4,"informative"
"log_recruitment_at_80",-1.69314718055995,-1.69314718055995,0.3,-1.69685584379745,0.147328967273662,-2.02328032646454,-1.68362512154771,-1.43017551386463,TRUE,0.508903442421127,-0.0251726683905484,1.03087497641851,209.833226232619,4,"informative"
"recruitment_slope_20",1.5,1.5,0.3,1.56649869765767,0.084624464100899,1.41224434348578,1.56265919890308,1.74413164538427,TRUE,0.717918452997003,0.785809379878413,1.02954625831246,201.240145345316,4,"informative"
"recruit_mean_80",44.6,44.6,2,44.1792927338801,0.481228356192877,43.2270322026527,44.1975779276066,45.1046226351317,TRUE,0.759385821903561,-0.874236234639742,1.00543690784992,356.704400670087,4,"informative"
"recruit_mean_slope_20",0.4,0.4,0.5,0.607869014503586,0.240457512414205,0.134991349149336,0.606960939537268,1.06934914249071,TRUE,0.51908497517159,0.864472947493181,1.00594073432317,323.880733164576,4,"informative"
"log_recruit_sd",1.25276296849537,1.25276296849537,0.2,1.33521129111742,0.0197654350172153,1.29308817476144,1.33593562022431,1.37325335930712,FALSE,0.901172824913924,4.17133862979721,1.00646140053535,235.732662449717,4,"informative"
"survival_at_80",0.36,0.36,0.3,0.352818506386223,0.0218557831516116,0.309095974208271,0.352463708334853,0.394324806662971,TRUE,0.927147389494628,-0.328585508190638,1.00692779144043,277.617101568547,8,"informative"
"survival_slope_20",0.64,0.64,0.2,0.603728480272223,0.0132127267967202,0.577909648733739,0.603341208129887,0.630778916429598,FALSE,0.933936366016399,-2.74519561978532,1.00332984839166,343.083794563417,8,"informative"
"growth_increment_80",8.4,8.4,2,8.07139725394199,0.175966987204682,7.73025464171842,8.06651374200028,8.42038997803561,TRUE,0.912016506397659,-1.86741133253468,1.00535011228831,314.365618223714,8,"informative"
"growth_slope_20",-2.4,-2.4,1,-2.38231217843977,0.0687380113935516,-2.51817259176611,-2.3791484789589,-2.25067799460776,TRUE,0.931261988606448,0.257322276301491,1.00217166894585,375.57368568457,8,"informative"
"log_growth_sd",1.50407739677627,1.50407739677627,0.2,1.58699156686429,0.0449805013888255,1.49610074594253,1.58676972435471,1.67421069139008,TRUE,0.775097493055872,1.84333583503847,1.01419684580175,281.132343411897,8,"informative"
"log_recruitment_at_80",-1.69314718055995,-1.69314718055995,0.3,-1.48711818687481,0.0780340053032271,-1.64795532457528,-1.48512370099696,-1.33511869701292,FALSE,0.739886648989243,2.64024629883522,1.00789747451975,320.508675951561,8,"informative"
"recruitment_slope_20",1.5,1.5,0.3,1.45274797059183,0.0448783213892493,1.36474548837164,1.45271025962887,1.54085363986094,TRUE,0.850405595369169,-1.05289208565383,1.008167309769,334.87736577752,8,"informative"
"recruit_mean_80",44.6,44.6,2,44.5020882147874,0.257198880316392,43.9901690937158,44.5038152415014,44.9962088308262,TRUE,0.871400559841804,-0.380685114539265,1.01002049739484,280.531462943194,8,"informative"
"recruit_mean_slope_20",0.4,0.4,0.5,0.44996163483201,0.114209492434034,0.225965490458748,0.452705171733067,0.674934834154119,TRUE,0.771581015131931,0.437456062252157,1.00951641465306,291.431294625968,8,"informative"
"log_recruit_sd",1.25276296849537,1.25276296849537,0.2,1.32638259091679,0.0116639888783552,1.30345335914261,1.32622229183354,1.34894101454321,FALSE,0.941680055608224,6.31170204200392,1.01012602893118,245.798403155501,8,"informative"
"survival_at_80",0.36,0.36,0.3,0.356764227632128,0.0184431666754096,0.321876000961725,0.356575462797137,0.395172072524947,TRUE,0.938522777748635,-0.175445595912025,1.02737164205847,301.689038188302,12,"informative"
"survival_slope_20",0.64,0.64,0.2,0.632974048166343,0.00921959186909347,0.614418354365806,0.633243973098393,0.650618437326785,TRUE,0.953902040654533,-0.762067554986853,1.01271592066139,336.125481719091,12,"informative"
"growth_increment_80",8.4,8.4,2,8.07141451934202,0.145600030079474,7.77347921473883,8.07377677332665,8.34955261360252,FALSE,0.927199984960263,-2.25676794488726,1.01979192379718,309.26254772472,12,"informative"
"growth_slope_20",-2.4,-2.4,1,-2.33173894561925,0.0517023003236419,-2.43349940303249,-2.33087069389689,-2.22908640160227,TRUE,0.948297699676358,1.32027112823719,1.01147760667384,319.19644452138,12,"informative"
"log_growth_sd",1.50407739677627,1.50407739677627,0.2,1.56951908326068,0.034180749375516,1.49934510939872,1.57023670418056,1.63444607185008,TRUE,0.82909625312242,1.91457728926443,1.02046234597526,307.839236980471,12,"informative"
"log_recruitment_at_80",-1.69314718055995,-1.69314718055995,0.3,-1.46078577828141,0.0598553068869922,-1.58554106860855,-1.46064270379256,-1.34677348575465,FALSE,0.800482310376693,3.88205180732322,1.00941532000372,248.978717109622,12,"informative"
"recruitment_slope_20",1.5,1.5,0.3,1.42919522707315,0.0332609680577304,1.36580795381111,1.42853116733221,1.49634668253656,FALSE,0.889130106474232,-2.12876464701665,1.01066351168512,257.626214149046,12,"informative"
"recruit_mean_80",44.6,44.6,2,44.643388719453,0.177220296776518,44.2899880339654,44.6398178523617,44.9848523402621,TRUE,0.911389851611741,0.244829290110559,1.01039517607876,356.520973885683,12,"informative"
"recruit_mean_slope_20",0.4,0.4,0.5,0.390028553495971,0.071553354113841,0.24978539907652,0.389200512564191,0.540464466499788,TRUE,0.856893291772318,-0.139356800635296,1.01282584977714,340.312146546976,12,"informative"
"log_recruit_sd",1.25276296849537,1.25276296849537,0.2,1.31287861117726,0.00839695143961544,1.29575394833687,1.31311020284685,1.32858963913079,FALSE,0.958015242801923,7.15922238138476,1.00093223957703,359.129602008361,12,"informative"
"survival_at_80",0.36,1.11,0.3,0.396562258602519,0.0669744283311466,0.269212831607533,0.391470434689071,0.53898837979086,TRUE,0.776751905562845,0.545913709359958,1.13210502239019,45.6498395130055,2,"informative_wrong"
"survival_slope_20",0.64,0.64,0.2,0.692098579220577,0.0468477516518274,0.60347457478589,0.690980246211983,0.781829951072322,TRUE,0.765761241740863,1.11208280832289,1.03538968613734,143.041963066119,2,"informative_wrong"
"growth_increment_80",8.4,5.4,2,7.73700507776549,0.452196558913796,6.55041706933636,7.78362507478667,8.45751109719966,TRUE,0.773901720543102,-1.4661653415211,1.30544412484974,25.3274276267617,2,"informative_wrong"
"growth_slope_20",-2.4,-2.4,1,-2.43080548749982,0.188492196296643,-2.73770536022062,-2.45096525607235,-1.98168826939861,TRUE,0.811507803703357,-0.16343110274623,1.15065187782471,38.7801233903229,2,"informative_wrong"
"log_growth_sd",1.50407739677627,1.50407739677627,0.2,1.59310355380081,0.0981843637461561,1.40654453182515,1.59095981413694,1.7822756170969,TRUE,0.509078181269219,0.90672438693704,1.03418370352122,197.406073391933,2,"informative_wrong"
"log_recruitment_at_80",-1.69314718055995,-0.943147180559945,0.3,-1.35736063723229,0.174794744420353,-1.69251020556903,-1.34023087287863,-1.02154460149462,FALSE,0.417350851932157,1.92103340658886,1.02013742535133,196.494297872352,2,"informative_wrong"
"recruitment_slope_20",1.5,1.5,0.3,1.34435803974437,0.125891481108497,1.07460268832123,1.33746628793768,1.57623924464971,TRUE,0.580361729638343,-1.23631844573732,1.01765064388925,187.682860533583,2,"informative_wrong"
"recruit_mean_80",44.6,44.6,2,45.2703031641333,0.64644934584715,44.0119963074772,45.2610745484793,46.5632781840036,TRUE,0.676775327076425,1.03689974850994,1.00967259725755,173.804553367004,2,"informative_wrong"
"recruit_mean_slope_20",0.4,0.4,0.5,-0.0955220541790789,0.432115703130888,-0.972033741077466,-0.101855577124818,0.77111191284481,TRUE,0.135768593738224,-1.14673466062164,1.00994383308225,188.512337424322,2,"informative_wrong"
"log_recruit_sd",1.25276296849537,1.25276296849537,0.2,1.34826210331698,0.0245972355211384,1.29840200340315,1.34994257106685,1.39389880851424,FALSE,0.877013822394308,3.88251495740426,1.04498457242455,115.279121863963,2,"informative_wrong"
"survival_at_80",0.36,1.11,0.3,0.386769420165705,0.0359003287936277,0.320859144934569,0.385430216937005,0.456950891821957,TRUE,0.880332237354574,0.745659470685883,1.00811319336871,288.584814067544,4,"informative_wrong"
"survival_slope_20",0.64,0.64,0.2,0.636128536595381,0.0268493316590267,0.586025819143014,0.635442499512517,0.690394721501976,TRUE,0.865753341704867,-0.144192170359578,1.01059856219034,274.313988111707,4,"informative_wrong"
"growth_increment_80",8.4,5.4,2,7.83493652550259,0.297269730262072,7.23658243172265,7.83266992136276,8.4031083538413,TRUE,0.851365134868964,-1.90084430728703,1.0022221433614,299.228431032058,4,"informative_wrong"
"growth_slope_20",-2.4,-2.4,1,-2.31914566098781,0.121745114637989,-2.55701972410358,-2.31722259326992,-2.07423686699171,TRUE,0.878254885362011,0.66412799604002,1.01413126017739,365.98565378975,4,"informative_wrong"
"log_growth_sd",1.50407739677627,1.50407739677627,0.2,1.55706868137829,0.0684478620729827,1.4157194295024,1.5574786586711,1.68058052644922,TRUE,0.657760689635087,0.7741846567175,1.00490575836522,368.533796348489,4,"informative_wrong"
"log_recruitment_at_80",-1.69314718055995,-0.943147180559945,0.3,-1.55108717125578,0.119951631635668,-1.78788075873077,-1.54730862957855,-1.3268299021842,TRUE,0.600161227881108,1.18431077065836,1.00401332803749,374.506984561352,4,"informative_wrong"
"recruitment_slope_20",1.5,1.5,0.3,1.48162595002619,0.0725103207388648,1.34089660617881,1.48363191969169,1.6164886867381,TRUE,0.758298930870451,-0.25339909941893,1.00550757516578,391.182066517174,4,"informative_wrong"
"recruit_mean_80",44.6,44.6,2,44.2535914074037,0.44741347945469,43.3390869000081,44.2762821511309,45.0560374507926,TRUE,0.776293260272655,-0.774247108107971,1.00863455413857,337.930281351918,4,"informative_wrong"
"recruit_mean_slope_20",0.4,0.4,0.5,0.581203843079694,0.230078727340521,0.166499766693609,0.577145462421747,1.04419945217286,TRUE,0.539842545318959,0.787573215369492,1.00764622306701,350.51634726114,4,"informative_wrong"
"log_recruit_sd",1.25276296849537,1.25276296849537,0.2,1.3320350606312,0.020888390640787,1.28552432275922,1.33326236572191,1.3681431228259,FALSE,0.895558046796065,3.79503110120166,1.01082209294883,289.510544495613,4,"informative_wrong"
"survival_at_80",0.36,1.11,0.3,0.363120297314831,0.0235754565636029,0.318580851337227,0.362243484461033,0.410997147298873,TRUE,0.92141514478799,0.132353632533611,1.01160142661773,208.280977425137,8,"informative_wrong"
"survival_slope_20",0.64,0.64,0.2,0.606030767846677,0.0135159450572734,0.579041043515825,0.6057978689876,0.632269930074998,FALSE,0.932420274713633,-2.51327095585097,1.00680182973763,323.502514309844,8,"informative_wrong"
"growth_increment_80",8.4,5.4,2,8.00406753957182,0.197098146561522,7.62275458867879,8.0021552524466,8.39496015836109,FALSE,0.901450926719239,-2.00880864348762,1.0079438310565,264.228176071372,8,"informative_wrong"
"growth_slope_20",-2.4,-2.4,1,-2.34978297944558,0.0738768685137758,-2.48806949171,-2.35298524280753,-2.19952027266508,TRUE,0.926123131486224,0.679739430821398,1.02694924997349,252.993543982675,8,"informative_wrong"
"log_growth_sd",1.50407739677627,1.50407739677627,0.2,1.60430228547605,0.0449378166810192,1.51371842353651,1.60654617727208,1.6903942805085,FALSE,0.775310916594904,2.23030169469952,1.01222577224339,333.82670759128,8,"informative_wrong"
"log_recruitment_at_80",-1.69314718055995,-0.943147180559945,0.3,-1.44491617767676,0.0767584144848414,-1.58906876525627,-1.44326045389621,-1.29184682018263,FALSE,0.744138618383862,3.23392561648351,1.00602478879227,264.791542574559,8,"informative_wrong"
"recruitment_slope_20",1.5,1.5,0.3,1.4260865271895,0.0450675740317807,1.33813832705729,1.4255757485215,1.51026972936159,TRUE,0.849774753227398,-1.64005883161979,1.00763017307301,248.580094685813,8,"informative_wrong"
"recruit_mean_80",44.6,44.6,2,44.5079395371568,0.242037162383481,44.0353630613294,44.5083642378343,44.9768631376789,TRUE,0.878981418808259,-0.38035672677944,1.00992133142683,293.368535721319,8,"informative_wrong"
"recruit_mean_slope_20",0.4,0.4,0.5,0.45178449092495,0.107730858108004,0.243223099964491,0.454047329071756,0.664997072672943,TRUE,0.784538283783991,0.480683917629558,1.01339985854854,337.875473809194,8,"informative_wrong"
"log_recruit_sd",1.25276296849537,1.25276296849537,0.2,1.32455682888494,0.0114341316120802,1.30177456307132,1.3245269507705,1.34753704638208,FALSE,0.942829341939599,6.27890799452766,1.00392590127458,344.426681937568,8,"informative_wrong"
"survival_at_80",0.36,1.11,0.3,0.364541508381346,0.019154657320842,0.328836101975399,0.364668956408358,0.401738410585204,TRUE,0.93615114226386,0.237096822212784,1.0035320715673,307.619452231457,12,"informative_wrong"
"survival_slope_20",0.64,0.64,0.2,0.634666772210788,0.00983552147780369,0.61416231355108,0.6353135785172,0.653062861265505,TRUE,0.950822392610982,-0.542241486762836,1.01678836627793,194.35691168878,12,"informative_wrong"
"growth_increment_80",8.4,5.4,2,8.02597922960931,0.157914243309937,7.69443410968061,8.0277560772701,8.33201445716601,FALSE,0.921042878345032,-2.36850560501121,1.00603669216083,308.015120362663,12,"informative_wrong"
"growth_slope_20",-2.4,-2.4,1,-2.31378803680946,0.0511157136570661,-2.41260430426797,-2.31529084958597,-2.20659729259654,TRUE,0.948884286342934,1.68660392318763,1.00501424031882,286.363249506282,12,"informative_wrong"
"log_growth_sd",1.50407739677627,1.50407739677627,0.2,1.57373192369406,0.0364326296186272,1.4977295096564,1.57380054765665,1.64213338412548,TRUE,0.817836851906864,1.91187206761953,1.02336105511728,272.621354400261,12,"informative_wrong"
"log_recruitment_at_80",-1.69314718055995,-0.943147180559945,0.3,-1.43609146572841,0.0612109175095226,-1.56424086158259,-1.43346638127074,-1.32158947555519,FALSE,0.795963608301591,4.19950762527857,1.01546660836659,314.070078953885,12,"informative_wrong"
"recruitment_slope_20",1.5,1.5,0.3,1.415217263873,0.0333674785477547,1.35150660146428,1.41381945240476,1.48719907708746,FALSE,0.888775071507484,-2.54087931773628,1.01417612628588,343.165239991001,12,"informative_wrong"
"recruit_mean_80",44.6,44.6,2,44.6504655204877,0.185260300515575,44.2752610593981,44.648610915166,45.0008865139475,TRUE,0.907369849742212,0.272403317641622,1.02589133574426,249.035206129526,12,"informative_wrong"
"recruit_mean_slope_20",0.4,0.4,0.5,0.387247460812059,0.0730786149942684,0.24641828728426,0.387988761149959,0.53688258560026,TRUE,0.853842770011463,-0.1745043907707,1.0273672647019,250.734182175444,12,"informative_wrong"
"log_recruit_sd",1.25276296849537,1.25276296849537,0.2,1.31246522798712,0.00802116724059489,1.29656416124199,1.31279761421774,1.32756236740412,FALSE,0.959894163797026,7.44308873022915,1.01685791437263,359.711267479041,12,"informative_wrong"
